"guardian_phone";"guardian_first_name";"guardian_patronymic";"guardian_last_name"
"+253-224-556-4067";"Albie";"Toby";"Anshell"
"+84-324-641-0519";"Washington";"Janenna";"Breede"
"+7-120-906-7420";"Alika";"Arlin";"Gierek"
"+94-699-496-1911";"Rustin";"Moise";"Warwicker"
"+55-284-470-2678";"Crystal";"Archaimbaud";"Chevin"
"+39-918-215-0826";"Brose";"Chaim";"Commings"
"+46-536-548-7275";"Bartolemo";"Bibby";"Eastway"
"+62-455-626-4717";"Reinhold";"Jo ann";"Scrace"
"+86-222-592-7613";"Shir";"Carmencita";"Daugherty"
"+62-165-621-8186";"Amalea";"Dollie";"Buddles"
"+62-796-125-6388";"Hurleigh";"Anthea";"Lannin"
"+86-279-536-7171";"Ruthi";"Eddie";"Michelin"
"+1-273-117-7862";"Gusty";"Alexis";"Aartsen"
"+977-927-925-9131";"Noach";"Nikolos";"Armatidge"
"+86-425-420-9915";"Lynn";"Garrick";"Ollive"
"+86-825-816-0982";"Clarissa";"Orville";"Markwell"
"+60-404-786-6825";"Cam";"Colver";"McDonagh"
"+86-557-967-3291";"Risa";"Lethia";"Boughtflower"
"+86-477-767-4518";"Blakelee";"Leticia";"O'Harney"
"+81-986-401-8511";"Onofredo";"Padget";"Cristofari"
"+7-557-497-6642";"Louie";"Jarib";"Niezen"
"+62-267-265-8161";"Pasquale";"Clarissa";"Kittman"
"+353-438-784-7466";"Neille";"Cele";"Rumble"
"+86-962-296-4912";"Tod";"Debbie";"Lacaze"
"+62-511-750-6496";"Stephannie";"Sonnnie";"Eschalette"
"+86-579-460-7679";"Elvin";"Lauren";"Torrance"
"+62-539-659-2800";"Ilise";"Marianne";"Patty"
"+33-987-632-8064";"Zaccaria";"Randy";"Borthe"
"+33-582-456-4042";"Malia";"Nat";"Cunradi"
"+46-585-354-8830";"Scarlett";"Emery";"Polley"
"+86-831-653-8645";"Niles";"Filberte";"Whitty"
"+968-369-822-6047";"Fey";"Lydia";"Barnshaw"
"+62-367-764-5183";"Dominik";"Venus";"Houtbie"
"+48-448-154-3999";"Brianne";"Codee";"Esselin"
"+86-886-859-9699";"Claiborn";"Diannne";"Claibourn"
"+57-427-739-4261";"Porty";"Callida";"Synnot"
"+86-873-289-4382";"Deloria";"Deana";"Farfalameev"
"+63-844-903-8558";"Reine";"Tobe";"Beeze"
"+55-691-887-9572";"Elfreda";"Chucho";"McKall"
"+52-598-646-5852";"Rachele";"Alastair";"Bruck"
"+86-713-220-5996";"Rozina";"Filmer";"Alvin"
"+86-325-332-0191";"Kimmi";"Lissie";"Klaaassen"
"+57-361-754-8674";"Brita";"Mattie";"Semark"
"+86-925-141-2260";"Tedd";"Vinny";"Greenside"
"+86-669-107-9392";"Forest";"Bobbette";"Barhims"
"+86-600-278-2449";"Allin";"Cobby";"Mayhou"
"+963-951-306-8180";"Henrik";"Pat";"Dopson"
"+86-602-534-3049";"Roth";"Jan";"Pickering"
"+358-851-617-4270";"Teodoro";"Konstantin";"Illesley"
"+62-241-424-4443";"Zaccaria";"Korey";"Ewles"
"+63-865-791-7082";"Germain";"Zelma";"Merlin"
"+86-811-440-4849";"Vale";"Arielle";"Craske"
"+380-648-177-8878";"Audrye";"Hestia";"Halversen"
"+86-826-734-7028";"Orville";"Berkley";"Jervoise"
"+54-727-535-6001";"Amitie";"Cecilius";"Vannozzii"
"+30-645-217-7741";"Benito";"Merwyn";"Kalinowsky"
"+52-169-439-3966";"Halette";"Markos";"Lockyear"
"+86-202-231-2943";"Odille";"Willdon";"Grutchfield"
"+51-244-342-8442";"Michele";"Birdie";"Romagosa"
"+63-912-966-0548";"Leon";"Floris";"Bannon"
"+506-461-632-3827";"Pearline";"Valentine";"Hallibone"
"+62-899-582-6337";"Cchaddie";"Nolana";"Arnall"
"+355-911-994-3492";"Dolf";"Lamond";"Swindells"
"+7-367-753-1575";"Artair";"Juieta";"Welden"
"+55-857-744-8914";"Wood";"Bonnibelle";"Stoop"
"+86-170-986-7212";"Jelene";"Mariquilla";"McGaughay"
"+267-613-696-5275";"Verna";"Maurita";"Burtonshaw"
"+33-949-632-8057";"Albrecht";"Enriqueta";"Aitkenhead"
"+46-943-896-2912";"Nestor";"Sacha";"Drust"
"+86-344-555-3971";"Durant";"Tanitansy";"Gomby"
"+380-966-216-4621";"Cissy";"Currey";"Sleney"
"+51-985-752-1450";"Marve";"Ryan";"Giordano"
"+970-780-632-7345";"Moira";"Wit";"Cammish"
"+86-879-490-2281";"Annaliese";"Angil";"Cheyenne"
"+62-278-166-1900";"Odell";"Madeleine";"Delahunty"
"+46-706-456-9240";"Maiga";"Hastings";"de Mendoza"
"+63-861-747-8774";"Innis";"Trace";"McGeachey"
"+46-815-612-2980";"Yvon";"Ulrich";"Dowsing"
"+256-517-487-2667";"Lynsey";"Jeniffer";"Standeven"
"+62-845-409-7639";"Abner";"Dalston";"Rennox"
"+86-818-308-6661";"Carolynn";"Peri";"Bwye"
"+381-963-387-9908";"Frankie";"Alonso";"Newbery"
"+7-778-776-4258";"Leoline";"Cari";"Paskerful"
"+62-708-858-6213";"Wake";"Nathanael";"Birdall"
"+7-480-278-2933";"Marshal";"Lewiss";"Kean"
"+358-895-608-0920";"Isidore";"Francklyn";"Gypson"
"+52-686-620-7020";"Kendell";"Sally";"Cowper"
"+351-282-742-7533";"Hervey";"Randi";"Bette"
"+62-925-817-4573";"Sutton";"Caitlin";"Aldiss"
"+86-366-464-6998";"Merrily";"Abram";"Trank"
"+55-972-435-8259";"Onida";"Corrie";"Howett"
"+62-812-752-0831";"Carmelita";"Wernher";"Goldsmith"
"+66-911-110-0129";"Sadie";"Sharia";"Son"
"+7-964-463-8369";"Becky";"Mara";"Leeburne"
"+380-109-434-9013";"Merla";"Casper";"Dunrige"
"+501-700-828-6299";"Drusie";"Teddy";"Aldcorne"
"+1-883-443-1979";"Auberon";"Blaine";"Kenwrick"
"+86-454-633-4630";"Jake";"Peterus";"Polet"
"+86-406-818-1782";"Janene";"Arlie";"Swinfen"
"+51-570-772-4677";"Shoshanna";"Katheryn";"Endean"
"+380-791-362-4803";"Dayna";"Guillaume";"Gass"
"+62-642-572-4238";"Gaylor";"Emmet";"Gooley"
"+7-698-705-7002";"Cathie";"Maxy";"Gadsby"
"+51-887-746-9160";"Marjie";"Cynthea";"Haney"
"+86-600-960-8997";"Maddalena";"Saxe";"Wanklin"
"+82-804-467-5565";"Jehanna";"Pren";"Celli"
"+63-908-553-8352";"Ike";"Herrick";"Pierton"
"+507-556-984-0461";"Ketti";"Jackie";"Boult"
"+998-300-968-8392";"Burty";"Emlen";"Werny"
"+48-920-960-5452";"Trula";"Ronalda";"Lowless"
"+256-140-559-6956";"Godfrey";"Nap";"Georges"
"+62-984-591-1623";"Rey";"Abie";"Mackiewicz"
"+502-654-324-6467";"Howey";"Pollyanna";"Peealess"
"+48-263-416-8327";"Marthena";"Milton";"Chittim"
"+502-660-939-8928";"Hettie";"Kingsley";"Crookshank"
"+351-469-632-0151";"Amalia";"Kaitlynn";"Borthwick"
"+970-438-814-0970";"Inger";"Winifred";"Saphin"
"+86-267-517-4554";"Waneta";"Phineas";"Palphreyman"
"+86-608-739-2460";"Mycah";"Elliott";"Polsin"
"+33-977-140-2782";"Kiel";"Roma";"Kryska"
"+46-705-801-1025";"Tommy";"Lars";"Scimone"
"+62-882-256-4093";"Zarla";"Zechariah";"Atrill"
"+86-863-501-6308";"Adair";"Munroe";"Mc-Kerley"
"+7-551-502-2037";"Baron";"Skippie";"Weddell"
"+66-511-205-5649";"Isacco";"Alvinia";"Heinel"
"+46-756-674-8780";"Corney";"Siusan";"Bartlosz"
"+63-190-456-9149";"Lynnett";"Trace";"Stockill"
"+7-719-554-9069";"Clim";"Natala";"Seamark"
"+47-404-525-8854";"Leigh";"Justino";"Piggford"
"+63-184-444-8425";"Garnette";"Linet";"Brinded"
"+62-812-960-3642";"Larisa";"Traci";"Speke"
"+7-647-523-6310";"Tobin";"Carmelina";"Fendley"
"+351-858-259-9076";"Loria";"Penrod";"Mulrenan"
"+62-494-485-7760";"Nancy";"Gabrielle";"Ofer"
"+86-980-107-9395";"Maryanne";"Willard";"Teggart"
"+1-340-111-0398";"Wilmer";"Dorry";"Shobbrook"
"+220-909-330-9348";"Helenelizabeth";"Vivyanne";"O' Hanvey"
"+20-230-503-0209";"Sheridan";"Gaile";"Domenicone"
"+352-768-229-6837";"Inesita";"Nicoli";"MacConnell"
"+52-897-999-5452";"Sue";"Judi";"Boscher"
"+591-704-793-8846";"Blanca";"Arline";"Bellin"
"+63-662-321-8025";"Aldwin";"Ellen";"Bulger"
"+48-115-647-9699";"Dougy";"Jean";"Duxbarry"
"+55-248-486-1864";"Clevie";"Kassandra";"Fruish"
"+62-118-697-4205";"Noach";"Justina";"Brotherwood"
"+55-997-238-9309";"Klaus";"Gradeigh";"Bower"
"+62-663-705-7552";"Reagan";"Herold";"Merali"
"+34-948-570-7308";"Lorne";"Meir";"Butt"
"+86-297-559-7085";"Averil";"Karon";"Cartmael"
"+55-967-530-6782";"Augustina";"Peta";"Boliver"
"+86-893-625-5401";"Gayle";"Edith";"Tough"
"+62-531-871-1200";"Clarinda";"Madelyn";"Connal"
"+57-663-193-2161";"Lauren";"Derek";"Avrasin"
"+86-264-946-9620";"Rikki";"Hebert";"Kryszka"
"+63-752-570-9110";"Murry";"Florinda";"Ockland"
"+30-775-745-9460";"Dominik";"Kessia";"Latehouse"
"+55-425-166-2348";"Marthena";"Meghann";"Sanchiz"
"+359-547-521-2682";"Ryley";"Gray";"Strangman"
"+81-692-378-1300";"Abigael";"Lyn";"Horsted"
"+375-160-287-0887";"Flor";"Rosemaria";"Dick"
"+48-923-576-7144";"Reba";"Alfie";"Hardwin"
"+351-330-486-6933";"Gaston";"Tully";"McCarter"
"+359-855-248-3075";"Barde";"Sher";"Spink"
"+7-675-460-4825";"Bari";"Millisent";"Hallut"
"+7-261-458-1193";"Lesley";"Winne";"Forrington"
"+55-560-958-2668";"Dannye";"Ezequiel";"Plaskitt"
"+237-283-938-0255";"Issy";"Janessa";"Mathon"
"+86-337-819-1948";"Merci";"Danni";"Cornthwaite"
"+234-272-528-7550";"Marielle";"Addy";"Depka"
"+81-654-848-4173";"Lombard";"Wayland";"Riccelli"
"+1-174-922-6389";"Rurik";"Atalanta";"Curbishley"
"+84-178-922-8378";"Charline";"Bamby";"Penwright"
"+33-990-968-3515";"Verile";"Doe";"Montes"
"+7-776-933-5957";"Jenda";"Lucilia";"Brierton"
"+86-887-650-0264";"Ludovico";"Cordelie";"Ableson"
"+63-167-509-8759";"Lanny";"Alla";"Roggerone"
"+62-187-409-7786";"Halsy";"Aubrie";"Rames"
"+86-507-478-4756";"Camile";"Luigi";"Sevin"
"+81-742-191-8930";"Parry";"Rodd";"Janaszewski"
"+503-621-596-8512";"Nellie";"Auroora";"Baulch"
"+62-177-113-6450";"Neile";"Alan";"Aitken"
"+86-728-446-1177";"Dinah";"Golda";"Glisenan"
"+86-614-104-0496";"Giulio";"Harriette";"Shenfish"
"+52-590-795-0136";"Zonda";"Yanaton";"Sunner"
"+420-182-486-3162";"Burt";"Carlye";"Batkin"
"+7-319-329-4090";"Rori";"Jon";"Dawidsohn"
"+235-183-728-8634";"Randene";"Mala";"Markussen"
"+63-532-381-2345";"Amery";"Lira";"Piscotti"
"+47-270-515-8031";"Matteo";"Averil";"Ruddock"
"+216-630-236-5925";"Marsha";"Jo";"Lebarree"
"+223-206-912-5232";"Rozelle";"Konstantin";"Diament"
"+386-270-168-8764";"Kathy";"Janetta";"Fintoph"
"+86-553-983-7778";"Delcine";"Teddie";"Hosier"
"+54-694-120-4696";"Isadora";"Silvia";"Youings"
"+51-278-919-4156";"Letti";"Englebert";"Klus"
"+86-126-276-0674";"Terrance";"Meredeth";"Clopton"
"+86-812-829-8141";"Rosemarie";"Flore";"Friend"
"+7-831-985-8116";"Gertruda";"Jacquelynn";"Callander"
"+1-571-135-4984";"Liam";"Dawn";"Gori"
"+1-559-784-8828";"Tremayne";"Suzanne";"Kirvell"
"+57-123-975-8567";"Aldus";"Bevin";"Smeeth"
"+46-965-210-5238";"Fairlie";"Engracia";"Orpen"
"+234-583-554-4203";"Anne";"Franky";"Trulocke"
"+54-299-995-1274";"Clevey";"Nanine";"Fairbairn"
"+351-502-724-1062";"Corbet";"Bastian";"Attoc"
"+855-406-888-9417";"Wakefield";"Marisa";"Halfhead"
"+86-383-512-3291";"Chalmers";"Linnell";"Trethowan"
"+86-377-416-3611";"Sutton";"Deidre";"Malshinger"
"+86-587-658-5848";"Glennis";"Rozele";"Lowerson"
"+351-293-306-9835";"Dorise";"Clerkclaude";"Boddington"
"+63-614-105-3032";"Brena";"Dorian";"Yaakov"
"+86-569-471-4233";"Taryn";"Cristabel";"Gumbley"
"+502-374-185-2524";"Jock";"Atlante";"Conring"
"+63-401-782-2353";"Gracie";"Nevsa";"Frugier"
"+1-757-110-4654";"Fidelity";"Farlay";"Nightingale"
"+502-279-206-0522";"Nicolas";"Cesaro";"Rapi"
"+7-107-158-4665";"Clayson";"Arthur";"Swait"
"+33-953-941-6018";"Kingsley";"Eldridge";"Goves"
"+63-115-536-3611";"Letti";"Nicolas";"MacAirt"
"+593-239-876-0298";"Wanda";"John";"Pococke"
"+351-829-572-8000";"Alleen";"Kasper";"Drabble"
"+86-285-116-7782";"Cheslie";"Claiborne";"Nussii"
"+63-419-358-2194";"Thoma";"Clyde";"Guillon"
"+86-213-227-4957";"Corrie";"Ladonna";"Ireson"
"+355-149-167-0069";"Annabal";"Phylys";"Biggen"
"+46-654-812-3743";"Stephenie";"Herold";"Newborn"
"+7-574-712-5015";"Jacinthe";"Benjamen";"Mylchreest"
"+32-100-558-6294";"Meris";"Lowe";"Goldsmith"
"+855-967-667-4500";"Jenny";"Eugine";"Ayer"
"+46-567-890-3330";"Oran";"Jacquenetta";"Macoun"
"+63-584-991-8265";"Dulci";"Britney";"Hargraves"
"+55-104-111-1289";"Ax";"Berke";"Syme"
"+380-441-204-1901";"Alikee";"Casper";"Backes"
"+55-325-613-9019";"Aylmer";"Derek";"Clougher"
"+48-899-328-8727";"Erroll";"Maddy";"Le Marquand"
"+229-902-768-9645";"Carolann";"Sigfried";"Sawdy"
"+52-914-944-0061";"Hamel";"Corby";"Eccleshare"
"+66-611-785-8369";"Filippo";"Jemmie";"Kalderon"
"+591-306-945-0240";"Calvin";"Donielle";"Lund"
"+86-340-666-9934";"Kale";"Loraine";"McGlaud"
"+55-130-637-1472";"Donall";"Burt";"Wernher"
"+1-825-732-9941";"Karna";"Standford";"Bowcock"
"+86-461-635-5134";"Sarita";"Bern";"Boothroyd"
"+86-503-527-7384";"Roman";"Chery";"Gyurko"
"+63-320-973-3053";"Fred";"Thebault";"De Beneditti"
"+81-352-808-9834";"Siobhan";"Gabriel";"Cliff"
"+31-368-241-9853";"Lindsay";"Daron";"O'Shevlan"
"+51-455-357-3047";"Padget";"Sheila";"Geelan"
"+7-521-492-3810";"Magdalena";"Arnold";"Guyon"
"+62-632-721-9780";"Darby";"Ruthe";"Gaylord"
"+86-148-645-7897";"Angelico";"Tobi";"Du Fray"
"+227-575-905-7349";"Devora";"Olag";"Paulot"
"+86-307-783-9421";"Andres";"Grady";"Farraway"
"+86-395-858-1941";"Cathrine";"Cirilo";"Juppe"
"+86-760-454-7580";"Emelen";"Udale";"Pinkerton"
"+63-289-872-1293";"Sergent";"Gerrilee";"Pracy"
"+86-659-717-2582";"Leroi";"Lorette";"Fewings"
"+52-699-917-8625";"Shay";"Mercy";"Wiltsher"
"+86-794-976-8903";"Clotilda";"Gregorio";"Gelardi"
"+86-565-295-5360";"Heriberto";"Arvin";"Oldam"
"+92-256-984-1369";"Jodie";"Leilah";"Kinge"
"+420-580-461-6174";"Hans";"Livvy";"Maycock"
"+48-361-991-5897";"Hannah";"Billi";"Mansion"
"+236-225-368-1587";"Inge";"Constancia";"Hryncewicz"
"+86-401-863-8563";"Maisey";"Mathilda";"Hooke"
"+86-708-350-2250";"Byran";"Josy";"Marle"
"+48-871-416-9277";"Bert";"Kimmi";"Ashall"
"+46-808-419-2293";"Noelyn";"Consolata";"Betteson"
"+39-863-322-0231";"Heindrick";"Gabbie";"Malim"
"+967-278-373-6685";"Allix";"Mamie";"Proffer"
"+33-561-723-0100";"Vinny";"Amalee";"McClaurie"
"+62-907-226-2269";"Brittany";"Car";"Cristoferi"
"+86-576-258-8494";"Nathanael";"Jeanelle";"Gulliver"
"+46-571-840-2569";"Domenico";"Coriss";"Beedie"
"+98-498-576-6092";"Daisi";"Fina";"Corbie"
"+49-935-305-8496";"Ruperta";"Gaspar";"Sterte"
"+49-925-759-9493";"Misti";"Karlotte";"Lilian"
"+7-361-284-5642";"Boonie";"Gregorius";"Titta"
"+351-562-433-5907";"Bobbie";"Augustina";"Della"
"+63-617-143-5093";"Maison";"Lenna";"Vasnetsov"
"+86-370-267-9523";"Everett";"Frasco";"Newvill"
"+7-466-314-4981";"Madelyn";"Paxton";"Maliffe"
"+86-371-321-1406";"Catrina";"Sheree";"Dilger"
"+51-671-436-7966";"Anallise";"Dot";"Dehm"
"+30-611-733-9629";"Moishe";"Lyndsay";"Milliken"
"+62-385-818-9903";"Mateo";"Loraine";"Bundy"
"+381-758-252-5142";"Fran";"Shannon";"Dockwray"
"+967-466-364-2428";"Willdon";"Dyanna";"Becaris"
"+51-829-766-5594";"Tabb";"Chester";"Deftie"
"+1-844-228-8910";"Brittney";"Delphinia";"Hinnerk"
"+86-304-721-8862";"Lilas";"Garth";"Driscoll"
"+420-815-320-5564";"Lazar";"Alison";"Bembrigg"
"+86-901-990-2682";"Mose";"Raul";"Billyard"
"+86-926-206-1358";"Carlee";"Norry";"Wellard"
"+7-155-121-1324";"Zonnya";"Robinet";"Muldoon"
"+86-264-108-8224";"Doris";"Michal";"Gillott"
"+20-923-783-8144";"Augy";"Carlita";"Hindrick"
"+86-657-321-2944";"Gery";"Jaye";"Corringham"
"+86-769-914-0303";"Penelope";"Lutero";"Brockherst"
"+7-191-562-0623";"Petrina";"Charline";"Thurlby"
"+63-551-384-0981";"Madlen";"Jobye";"McSorley"
"+228-353-647-2532";"Leonid";"Russ";"Tasker"
"+593-627-238-6368";"Lawton";"Latrena";"Oxlade"
"+371-641-653-9703";"Reg";"Johnath";"Janota"
"+52-310-873-6374";"Adi";"Jeanette";"Price"
"+86-983-147-2979";"Larine";"Haslett";"Giffkins"
"+86-154-203-3476";"Ivan";"Christoph";"Petett"
"+57-995-402-2563";"Sim";"Lyndsie";"Willishire"
"+51-492-201-6381";"Darby";"Ian";"Jimson"
"+86-964-255-2642";"Arluene";"Dunc";"Inggall"
"+48-426-426-0506";"Raynor";"Granville";"Casella"
"+1-860-840-7001";"Evie";"Ahmad";"Rangeley"
"+48-792-716-5920";"Connor";"Ludovico";"Jarrell"
"+55-595-513-2551";"Phip";"Marge";"Riddoch"
"+1-559-551-8920";"Arnaldo";"Debora";"Fernant"
"+48-152-217-9091";"Olivia";"Gale";"Mellings"
"+46-424-631-9776";"Carmen";"Shayna";"Struan"
"+256-383-765-0313";"Tabby";"Pate";"Borg"
"+351-364-877-0515";"Ilysa";"Berna";"Gun"
"+256-501-248-3275";"Denice";"Beale";"Kidd"
"+7-803-478-7715";"Cristionna";"Faith";"Hansemann"
"+55-134-759-7965";"Ario";"Gweneth";"O'Rourke"
"+1-806-670-8974";"Karen";"Barbie";"Everley"
"+351-213-803-4938";"Belle";"Myrta";"Simonian"
"+86-121-238-0579";"Quincy";"Wildon";"Sinderland"
"+86-477-120-3989";"Nikolia";"Lizzie";"Butterley"
"+33-146-864-4514";"Calley";"Alvera";"Winsome"
"+66-961-266-0098";"Rollo";"Bernadene";"Gribbon"
"+62-167-806-2073";"Adan";"Estrella";"Gonnely"
"+505-792-897-6664";"Evangelin";"Idelle";"Lakin"
"+63-348-859-0337";"Jethro";"Sibyl";"Chinery"
"+62-459-678-7024";"Bette";"Jacobo";"Mulryan"
"+62-522-965-2355";"Camilla";"Terrel";"Franschini"
"+55-161-577-8245";"Bab";"Billy";"Davidof"
"+63-898-813-7500";"Mozes";"Odelle";"Bavage"
"+46-243-839-3511";"Kayle";"Breena";"Carwithan"
"+86-656-690-6127";"Shea";"Lanae";"Mostyn"
"+856-109-150-7198";"Archambault";"Francisco";"Shipway"
"+86-109-755-2030";"Amory";"Eal";"Poff"
"+33-929-445-3063";"Jerome";"Carolus";"Cranney"
"+357-780-803-8374";"Griffin";"Briano";"Holdall"
"+7-932-295-6284";"Anatola";"Wilek";"Pryor"
"+46-980-897-1967";"Demetri";"Stella";"Bluschke"
"+81-275-905-9939";"Evin";"Minerva";"Vercruysse"
"+86-230-385-0436";"Neila";"Seline";"Wisdom"
"+86-676-208-4067";"Yetty";"Dru";"Duignan"
"+62-731-917-9114";"Nettle";"Julietta";"Tollit"
"+44-933-259-1883";"Leigha";"Isa";"Nehls"
"+968-530-711-1386";"Nichol";"Karoline";"Gillions"
"+1-902-390-4573";"Melitta";"Hermy";"Castagna"
"+595-673-900-0091";"Cori";"Dorrie";"Starbeck"
"+86-357-122-5074";"Jordan";"Melosa";"Clooney"
"+358-619-619-6830";"Den";"Julita";"Kisbee"
"+27-922-380-9204";"Ruperto";"Colby";"Sirl"
"+1-501-646-6060";"Evie";"Davide";"Truckett"
"+351-656-312-7159";"Krissie";"Barney";"Anfonsi"
"+51-100-102-7918";"Nan";"Corbie";"Moresby"
"+48-261-608-9026";"Ferris";"Cirilo";"Berrecloth"
"+52-210-777-7666";"Broderick";"Consolata";"McKnish"
"+55-945-545-3629";"Chadwick";"Gothart";"Millea"
"+962-539-338-6478";"Petey";"Rusty";"Lewsam"
"+358-516-579-3904";"Quincey";"Cherilyn";"Gedge"
"+265-915-351-2360";"Magdalene";"Noreen";"Cliss"
"+62-908-384-6088";"Neale";"Demetra";"Hounsom"
"+51-923-495-0564";"Amber";"Cammie";"Schwandner"
"+62-973-453-6029";"Barclay";"Margarethe";"Kelner"
"+1-722-605-0099";"Pace";"Trudie";"Oulner"
"+234-514-209-1897";"Terese";"Miran";"Tytler"
"+256-374-206-3628";"Aigneis";"Sharleen";"Williams"
"+86-325-694-3483";"Darrin";"Latrena";"McGuire"
"+86-836-673-5819";"Aile";"Brade";"Niemetz"
"+55-504-181-6351";"Kirbie";"Kizzie";"Francescuccio"
"+229-871-157-4866";"Marian";"Monro";"Mitten"
"+62-273-175-5473";"Sherlocke";"Doug";"Hubbis"
"+373-792-480-6882";"Justinian";"Rafaello";"Wayman"
"+84-533-428-3411";"Marlena";"Ritchie";"Ankers"
"+62-707-469-6597";"Scarlet";"Rebekah";"De Vere"
"+7-157-188-5366";"Gunner";"Filberto";"Witling"
"+81-376-583-3437";"Bernita";"Malena";"Boreland"
"+48-345-433-5457";"Melinde";"Isidro";"McCrory"
"+51-472-418-6068";"Francine";"Archibold";"Arrundale"
"+1-360-497-6997";"Carlina";"Brockie";"Friett"
"+55-204-123-9806";"Marinna";"Meredithe";"Jerman"
"+86-309-337-6066";"Rutter";"Krysta";"Janson"
"+352-809-459-0291";"Evey";"Yorgos";"Saladine"
"+46-484-490-3692";"Howard";"Poul";"Abramof"
"+232-162-193-8397";"Letti";"Dollie";"Giorgio"
"+86-720-786-5152";"Mickie";"Bethina";"Iverson"
"+66-249-636-5256";"Law";"Merrill";"Wanklin"
"+57-152-155-8063";"Brianne";"Sebastiano";"Cockcroft"
"+351-164-634-4158";"Glenn";"Garrett";"Wallington"
"+54-596-513-1311";"Rodina";"Ofelia";"Birch"
"+55-103-772-4030";"Clayborn";"Nerita";"Rodbourne"
"+84-605-296-2617";"Mervin";"Whitby";"Scrivens"
"+86-304-309-1440";"Thebault";"Odell";"McCreath"
"+81-888-305-6694";"Gilligan";"Rhianna";"Verrick"
"+63-699-442-5936";"Mag";"Lanni";"Sylvester"
"+355-219-569-2418";"Renard";"Elle";"Enever"
"+7-169-454-5439";"Bill";"Daven";"Skinner"
"+55-959-969-0937";"Ninon";"Odie";"Taffs"
"+62-305-213-9627";"Thedrick";"Allix";"Leefe"
"+66-251-948-1511";"Alaster";"Jenelle";"Tavernor"
"+20-401-416-4639";"Claire";"Eugene";"Ligertwood"
"+30-479-586-4784";"Elset";"Kyrstin";"Kalkofer"
"+7-947-687-7478";"Raddie";"Coriss";"De Vere"
"+46-401-534-1313";"Brenda";"Idalina";"Shalders"
"+46-452-319-9148";"Vince";"Junia";"Mallock"
"+63-389-905-9195";"Vaclav";"Raffaello";"Pritchitt"
"+33-941-578-0686";"Quintilla";"Delbert";"Jallin"
"+62-663-108-8655";"Cheslie";"Querida";"Gelling"
"+81-600-909-7579";"Jeff";"Gretna";"Poytres"
"+51-513-570-9267";"Rosana";"Jaquith";"Dorrance"
"+420-573-962-0068";"Prince";"Woodman";"Cahen"
"+381-733-378-8318";"Marnia";"Quentin";"Fuente"
"+7-998-836-0556";"Immanuel";"Chiquita";"Guppie"
"+62-570-434-0435";"Ogdon";"Maribeth";"Lanegran"
"+242-344-538-8182";"Korney";"Ronda";"Fetherstone"
"+7-482-300-2268";"Beitris";"Fancie";"Giggie"
"+380-717-565-8978";"Casey";"Gibbie";"Clawley"
"+86-270-132-4578";"Beauregard";"Alden";"Edworthy"
"+86-537-885-7484";"Kinna";"Kippy";"Orring"
"+48-258-109-5488";"Joyann";"Doralia";"McKelvie"
"+86-851-671-6705";"Etheline";"Malena";"Gavaghan"
"+33-104-132-2346";"Donn";"Inge";"Luscott"
"+7-153-678-4985";"Essie";"Antin";"Craythorne"
"+381-958-708-1739";"Hammad";"Adi";"Bouchier"
"+385-971-894-3629";"Kendal";"Hugh";"Sherville"
"+48-350-774-2438";"Frasquito";"Alexandro";"Geydon"
"+7-478-788-9412";"Sheffie";"Shaun";"Eyam"
"+66-898-471-8188";"Merrel";"Roderich";"Hebard"
"+47-410-299-9722";"Matthus";"Celle";"Dallaway"
"+62-837-296-5229";"Sadie";"Rochette";"Liggett"
"+58-989-585-9212";"Rozamond";"Iorgo";"Fieldsend"
"+1-302-459-5244";"Timofei";"Leighton";"Androck"
"+48-830-497-2642";"Murray";"Jo-ann";"Sorton"
"+55-223-551-5883";"Jori";"Anson";"Matejic"
"+62-678-772-1519";"Parry";"Bat";"Faltin"
"+234-697-831-4102";"Morty";"Gabriella";"Powland"
"+355-483-647-5628";"Edin";"Merrie";"Whight"
"+232-399-852-2633";"Joline";"Cletus";"Riches"
"+62-914-303-3523";"Andie";"Kerk";"Message"
"+48-724-165-1952";"Timothy";"Roxy";"Tuckett"
"+1-312-853-1058";"Melony";"Avigdor";"Flecknoe"
"+62-324-350-9188";"Stavro";"Marcus";"Bernardi"
"+251-228-740-5155";"Caitrin";"Dee dee";"Bakhrushkin"
"+63-508-928-4770";"Bea";"Georgeta";"Pickhaver"
"+86-498-482-8205";"Iggy";"Clerc";"Wadworth"
"+225-436-689-7415";"Carmine";"Neysa";"Chardin"
"+55-421-287-6960";"Sascha";"Wynne";"Thaxton"
"+502-859-113-8473";"Ashlan";"Margy";"Feben"
"+86-273-198-4898";"Elliott";"Silvio";"Bezley"
"+86-976-355-9361";"Robers";"Ealasaid";"Stovin"
"+351-913-475-7066";"Antonella";"Desdemona";"Semiras"
"+420-910-175-4417";"Kirstyn";"Borden";"Sadlier"
"+46-259-735-1416";"Jemimah";"Melisa";"Truggian"
"+86-232-286-9270";"Rik";"Bogey";"Marl"
"+380-394-600-4242";"Corliss";"Myranda";"Ellam"
"+351-674-185-1035";"Berk";"Margery";"Muir"
"+86-328-683-6456";"Koressa";"Genevra";"Pittock"
"+509-707-380-8378";"Julio";"Breena";"Hurle"
"+7-752-501-1243";"Candide";"Laure";"Bradnam"
"+33-796-114-4495";"Karisa";"Horst";"Creighton"
"+48-299-959-6632";"Gillan";"Stevy";"Celand"
"+48-310-801-9666";"Lief";"Dinny";"Pear"
"+420-763-730-6629";"Barret";"Erma";"Mayston"
"+7-590-311-1008";"Ernie";"Aubrette";"Bence"
"+375-221-832-9989";"Martita";"Scotti";"Lasselle"
"+380-304-592-7972";"Bernice";"Grete";"Jelkes"
"+48-665-266-2641";"Gilemette";"Noak";"Aspel"
"+27-197-817-1420";"Glad";"Dianne";"Rahill"
"+850-223-233-5515";"Candide";"Kalli";"Drinan"
"+254-175-870-1532";"Emory";"Beale";"Decreuze"
"+62-221-915-4050";"Pierette";"Shellie";"Camilleri"
"+62-958-622-8395";"Dorree";"Lainey";"Glennie"
"+86-509-608-9763";"Gusella";"Kyla";"Harg"
"+62-345-845-3982";"Dulcea";"Odo";"Trewhela"
"+95-814-636-3666";"Curt";"Clarice";"Argent"
"+375-156-558-3227";"Margy";"Kristian";"Pues"
"+62-640-393-6248";"Aubrey";"La verne";"Kennelly"
"+86-715-134-4267";"Augustus";"Austine";"Cannop"
"+264-750-366-7701";"Carita";"Frans";"Polin"
"+81-400-228-7252";"Frederica";"Mylo";"Denecamp"
"+86-825-977-1342";"Margit";"Edita";"Glandon"
"+86-541-228-8140";"Fonsie";"Annabel";"Renzullo"
"+62-907-683-9064";"Danika";"Jenine";"Dominico"
"+33-940-235-8791";"Travers";"Selina";"Etches"
"+86-685-119-5267";"Harri";"Alejandrina";"Bolens"
"+86-554-959-0464";"Mile";"Hall";"Pagett"
"+44-355-154-2721";"Jeannine";"Lorilyn";"Stirling"
"+351-916-536-2258";"Harmonia";"Nessie";"Fetherston"
"+374-447-299-8155";"Christoper";"Freedman";"Stiling"
"+46-696-408-5031";"Kinna";"Renie";"Fountain"
"+57-683-220-9721";"Bernadene";"Samaria";"Forgie"
"+56-312-347-9351";"Isis";"Vail";"Geator"
"+234-203-851-0212";"Corella";"Morey";"Caldecutt"
"+33-926-496-7521";"Ahmed";"Rhodia";"Hindmore"
"+58-927-954-5108";"Irita";"Nikos";"Bratten"
"+86-746-767-8667";"Arthur";"Bette";"Bartelet"
"+48-337-664-4234";"Bartholomeo";"Alvinia";"Papaccio"
"+57-216-780-5710";"Phineas";"Christiane";"Leindecker"
"+51-784-353-5937";"Stearne";"Jackelyn";"Doyle"
"+7-890-972-7977";"Winnifred";"Roxine";"Arkill"
"+62-173-850-7394";"Becca";"Guillema";"Barszczewski"
"+1-215-831-7200";"Clint";"Elsi";"Oxley"
"+234-945-179-5196";"Haslett";"Zaria";"Garnsworthy"
"+56-369-111-9682";"Stacee";"Lauretta";"Foulds"
"+86-576-760-5835";"Shannon";"Debby";"McNeilly"
"+351-741-153-2509";"Kaylee";"Temp";"Emslie"
"+62-393-811-3841";"Blondie";"Sharla";"Abrahart"
"+242-268-507-3395";"Valentia";"Lennie";"MacElroy"
"+62-972-816-8615";"Lonnard";"Obie";"Missen"
"+86-930-741-9486";"Roobbie";"Noell";"Escolme"
"+55-593-709-2666";"Cordie";"Marisa";"Lowdes"
"+977-190-591-8675";"Hedwig";"Parker";"Kalewe"
"+86-650-317-9437";"Izzy";"Chance";"Serfati"
"+992-271-892-4052";"Wallis";"Walther";"Parsons"
"+27-920-531-8992";"Niki";"Emmi";"Radage"
"+86-618-933-1574";"Katharine";"Merralee";"Heberden"
"+1-949-485-8546";"Aleta";"Ailey";"Squirrel"
"+503-837-347-3592";"Dody";"Reeta";"Moisey"
"+86-486-530-2063";"Federica";"Cammi";"Rodinger"
"+60-236-590-5605";"Melicent";"Isabelle";"Seabright"
"+351-679-497-1466";"Rorie";"Sybil";"Klimsch"
"+62-970-420-1319";"Minta";"Saundra";"Force"
"+420-525-677-1475";"Lacey";"Kalvin";"Cressar"
"+351-140-131-2919";"Harry";"Susanetta";"Tewes"
"+593-128-492-5288";"Lisle";"Broddie";"Cridge"
"+1-112-301-9517";"Eleonore";"Wolfie";"Melloy"
"+386-583-724-4177";"Kiri";"Kaja";"Ivashev"
"+261-121-893-0779";"Lanni";"Jonah";"Pozzo"
"+46-239-727-8066";"Ermanno";"Foster";"Pristnor"
"+63-471-969-8404";"Cathee";"Jeromy";"Sillito"
"+48-457-199-9434";"Grantham";"Duff";"Marcombe"
"+86-946-551-6056";"Hodge";"Blake";"Plak"
"+66-816-874-5829";"Nonah";"Annadiana";"Pothecary"
"+81-871-736-4350";"Pennie";"Biddie";"Curcher"
"+86-485-364-4944";"Tabor";"Zelda";"Danick"
"+86-459-680-5845";"Moss";"Cherry";"Wheowall"
"+86-584-534-0783";"Thomasina";"Olly";"Baugham"
"+47-869-596-3443";"Ardyce";"Prent";"Clewlowe"
"+84-849-106-2436";"Candace";"Olimpia";"Haythorne"
"+86-382-673-6114";"Galen";"Teresita";"Sumnall"
"+62-134-357-8811";"Anabelle";"Angelina";"Izzatt"
"+86-376-485-7414";"Noland";"Lotti";"Phillippo"
"+381-320-508-2644";"Elaina";"Adey";"Challace"
"+1-410-544-5215";"Worth";"Billye";"Pudner"
"+98-988-367-0573";"Barbie";"Vinita";"Marchington"
"+963-106-932-8643";"Hartley";"Courtnay";"Upstell"
"+386-150-183-2519";"Lynnea";"Jennine";"Heinrici"
"+1-517-370-1847";"Ailis";"Blancha";"Mariner"
"+351-683-536-3641";"Lisette";"Hillier";"Bursnall"
"+84-215-126-0299";"Nev";"Ramona";"Stockhill"
"+48-903-120-1475";"Obediah";"Anica";"Lannin"
"+420-355-917-3025";"Thebault";"Glori";"Doward"
"+84-167-664-3655";"Caitrin";"Delora";"Kilalea"
"+27-228-392-3343";"Shea";"Bartolomeo";"Swanne"
"+63-857-656-0063";"La verne";"Lilias";"Karpmann"
"+86-568-526-8195";"Honor";"Cherie";"Marron"
"+51-104-301-6803";"Rosette";"Darby";"Severwright"
"+505-419-787-9105";"Revkah";"Eal";"McFetridge"
"+62-731-896-8205";"Kellen";"Veradis";"Stockbridge"
"+57-707-638-3504";"Garik";"Kameko";"Harris"
"+86-913-420-4907";"Adair";"Puff";"Roistone"
"+30-163-593-9639";"Dex";"Melva";"Rupel"
"+63-595-311-4062";"Bronnie";"Renault";"Aiers"
"+7-579-299-0263";"Olag";"Lutero";"O'Dreain"
"+7-549-730-6366";"Jeralee";"Georgi";"Nevison"
"+81-254-207-8662";"Petronilla";"Gladys";"Tench"
"+351-193-898-0635";"Ashien";"Josiah";"Bush"
"+33-999-365-7597";"Judd";"Bruno";"Crockett"
"+51-129-152-9246";"Horacio";"Frederik";"McLevie"
"+33-726-385-3055";"Teddy";"Tamar";"Blacker"
"+86-795-663-7669";"Meryl";"Derrick";"Schiersch"
"+86-445-954-4066";"Claude";"Clarke";"Albers"
"+86-804-253-6949";"Fawnia";"Blayne";"Kingsnod"
"+255-551-292-3029";"Ced";"Kirbie";"Rembaud"
"+63-263-610-2780";"Nadia";"Starla";"Itscovitz"
"+351-636-499-9491";"Ewart";"Fawn";"Cheeke"
"+591-870-187-1022";"Skell";"Randee";"Lowndesbrough"
"+674-344-227-7704";"Rory";"Juieta";"Antonovic"
"+51-144-577-2810";"Dorian";"Lenore";"Wrangle"
"+261-331-714-1770";"Rozella";"Michelle";"Walliker"
"+86-997-134-3967";"Nicole";"Tim";"Welland"
"+63-823-320-0340";"Grissel";"Rubin";"Devin"
"+54-101-594-8214";"Brucie";"Mozes";"Dunderdale"
"+86-497-372-9904";"Alanna";"Dorthy";"Anselmi"
"+46-130-708-8643";"Maynord";"Bettina";"Sidaway"
"+43-254-123-8332";"Helge";"Ranice";"Kitteman"
"+63-744-476-3814";"Bianka";"Gabey";"McLoughlin"
"+358-967-396-2509";"Deeanne";"Arlina";"Harby"
"+63-524-684-9491";"Kerianne";"Falkner";"Welbrock"
"+86-955-659-6845";"Adriena";"Gearard";"Kuhwald"
"+86-221-736-8293";"Cassius";"Noel";"Massard"
"+62-894-595-5284";"Charles";"Aleen";"Edgley"
"+86-985-290-2995";"Zacherie";"Orel";"Filippyev"
"+62-629-578-3272";"Tamar";"Jdavie";"Comoletti"
"+86-345-995-0936";"Astrid";"Caspar";"Gascar"
"+62-266-622-2797";"Albina";"Sammy";"Tedahl"
"+95-322-539-9805";"Raimundo";"Petronilla";"Pike"
"+1-109-434-9776";"Hestia";"Tito";"Perring"
"+52-106-728-3953";"Bo";"Del";"Esley"
"+86-964-606-0617";"Lek";"Cloe";"McKeller"
"+84-949-391-0913";"Ladonna";"Chickie";"Humbatch"
"+7-567-730-0515";"Tedda";"Carr";"Godson"
"+63-424-895-7563";"Dante";"Nannie";"Shaughnessy"
"+212-704-536-9402";"Ellynn";"Carlo";"Fransemai"
"+7-261-306-8065";"Berkley";"Enid";"Brouncker"
"+92-187-938-1244";"Harmony";"Patton";"MacAlester"
"+86-161-763-2171";"Brittni";"Hartwell";"Slyme"
"+263-570-909-3555";"Monty";"Chrisy";"Cicchinelli"
"+55-315-454-3815";"Hugibert";"Noe";"Loxly"
"+351-450-982-8895";"Nickolas";"Emmy";"Dives"
"+7-926-592-4895";"Lyndsie";"Morgen";"Di Bernardo"
"+62-382-899-0707";"Noemi";"Adlai";"Braga"
"+994-327-382-9263";"Nannette";"Nicolette";"Davern"
"+48-666-949-2755";"Vidovik";"Gaynor";"Attride"
"+20-648-560-5802";"Dorian";"Danika";"Maryet"
"+380-226-523-6819";"Charlean";"Araldo";"Gaitley"
"+502-268-760-1885";"Nert";"Courtnay";"Linder"
"+62-438-152-9463";"Krystyna";"Danna";"Caisley"
"+420-788-907-0707";"Bidget";"Karlis";"MacDirmid"
"+86-880-230-6040";"Stephanie";"Burr";"Yankeev"
"+57-645-938-4154";"Keenan";"Delmor";"Livett"
"+81-638-645-4429";"Augustine";"Jorrie";"Impson"
"+86-394-201-4247";"Burtie";"Towny";"Rait"
"+62-406-517-6755";"Sibeal";"Rubia";"Howsley"
"+48-874-705-5295";"Shanta";"Theodoric";"Bengoechea"
"+1-573-688-9878";"Flemming";"Elyn";"Bence"
"+62-792-556-8163";"Andria";"Reginald";"Hagstone"
"+994-251-362-1171";"Gianina";"Jakie";"Forrestall"
"+46-846-385-5618";"Amelia";"Collette";"Lalor"
"+57-258-431-5742";"Melony";"Fernando";"Clapison"
"+94-289-121-4223";"Vin";"Dorice";"Montel"
"+212-371-346-7565";"Willetta";"Nikola";"Luberto"
"+63-594-327-9062";"Ramonda";"Vikki";"Edwick"
"+60-928-828-3898";"Kip";"Kaylee";"Harbinson"
"+86-882-207-5297";"Benedict";"Sebastian";"Tawn"
"+7-637-298-7836";"Joela";"Hermie";"Hartzog"
"+33-772-917-2200";"Nessie";"Kylila";"McDarmid"
"+63-651-930-6437";"Trixi";"Muire";"Itzcovichch"
"+62-697-983-7281";"Noelle";"Arda";"Orrey"
"+86-969-310-3562";"Sissy";"Derrek";"Wharrier"
"+234-978-952-3785";"Kenny";"Jodi";"Woolcocks"
"+48-862-345-6193";"Collen";"Amalea";"Bener"
"+81-974-570-3454";"Donnamarie";"Lucita";"Lethibridge"
"+381-906-888-5785";"Amandie";"Rosemarie";"Flanigan"
"+98-824-333-7112";"Berrie";"Deedee";"Bowskill"
"+86-507-469-7832";"Dotty";"Shelley";"Joblin"
"+380-942-436-5971";"Dulciana";"Isobel";"Bubbear"
"+52-710-739-5367";"Emmi";"Mabel";"Silkstone"
"+234-520-669-1803";"Davon";"Rollo";"Mooney"
"+228-553-401-3029";"Noni";"Anthiathia";"Rubel"
"+48-890-103-4827";"Oralle";"Clerc";"Hegges"
"+963-836-567-7190";"Brianne";"Rhodia";"Dulwitch"
"+961-998-897-8388";"Kellen";"Jermain";"Spragg"
"+351-735-287-4580";"Petey";"Zorana";"Surgood"
"+63-356-485-1384";"Elisa";"Valerie";"Klesl"
"+33-496-962-6269";"Del";"Hermy";"Wilding"
"+95-466-709-5106";"Mercy";"Jacquelin";"Bebbington"
"+48-627-591-1589";"Joshia";"Titos";"Brisco"
"+1-415-683-7433";"Shelton";"Obidiah";"Elcock"
"+62-261-795-4208";"Casie";"Thorny";"Cowell"
"+52-100-497-1275";"Kakalina";"Martainn";"Zanre"
"+370-587-496-4110";"Chelsae";"Quill";"Clubb"
"+63-261-439-6675";"Hedwig";"Margot";"Esmonde"
"+55-707-156-1576";"Cole";"Robbert";"Curragh"
"+98-862-876-1619";"Emanuel";"Kristoforo";"Gemmell"
"+64-822-853-0266";"Brana";"Edythe";"Debney"
"+359-896-357-2455";"Corny";"Rachelle";"Thorsen"
"+66-929-459-1322";"Inesita";"Chet";"Harcourt"
"+244-935-698-9320";"Munmro";"Dorri";"Ducarel"
"+1-504-945-6404";"Noah";"Lexi";"Kubis"
"+7-733-822-5913";"Randolph";"Inga";"Lowndsborough"
"+81-920-493-5618";"Fergus";"Elnora";"Halfhyde"
"+7-503-214-2681";"Adina";"Darrel";"Tegeller"
"+30-290-293-1347";"Darcie";"Shelby";"Probyn"
"+31-358-852-3503";"Arliene";"Mae";"von Hagt"
"+33-148-451-8698";"Fawnia";"Karina";"Gregoretti"
"+218-389-576-7293";"Merola";"Heather";"Swyndley"
"+502-100-248-3268";"Leonora";"Kerry";"Benediktsson"
"+48-836-946-4912";"Orson";"Martica";"Yetman"
"+33-373-182-0722";"Benjamin";"Creight";"Fury"
"+351-325-240-8377";"Rusty";"Geoffrey";"Oakenford"
"+86-297-790-6932";"Meir";"Sophie";"Weems"
"+86-507-746-9914";"Tracie";"Jorry";"Garrat"
"+62-502-113-9796";"Herta";"Joshia";"Karlik"
"+7-140-977-8172";"Meris";"Fransisco";"Stanaway"
"+7-613-232-2647";"Malena";"Jacquetta";"Brearty"
"+226-132-722-2885";"Percy";"Johan";"Okroy"
"+86-993-685-6896";"Gwenore";"Giselle";"McElhargy"
"+86-733-721-5433";"Beulah";"Brody";"Henri"
"+90-715-554-1746";"Corny";"Mara";"Kalinowsky"
"+251-112-143-2003";"Garv";"Odo";"Habbal"
"+48-667-876-4089";"Gwendolin";"Teodoor";"Doran"
"+86-939-184-1548";"Bertrando";"Gilbertina";"Brumen"
"+1-393-140-6968";"Juliette";"Norrie";"Kanter"
"+86-600-574-8562";"Madelle";"Ives";"Yedall"
"+375-998-874-1167";"Mellisent";"Gordy";"Dubble"
"+850-476-702-7689";"Anthia";"Claribel";"Sollam"
"+62-807-437-7731";"Base";"Lyn";"Karolovsky"
"+1-131-415-1644";"Alvera";"Britt";"Grooby"
"+420-641-472-9659";"Lana";"Maxy";"Sockell"
"+63-475-581-8972";"Vanya";"Cob";"Killock"
"+84-229-324-7517";"Nelia";"Brocky";"Sharrem"
"+62-632-466-1506";"Cesya";"Davida";"Aust"
"+33-631-379-7855";"Yolande";"Joellen";"Rankine"
"+880-940-720-5811";"Riva";"Shannah";"Soaper"
"+54-939-323-2790";"Sabrina";"Corissa";"O'Driscoll"
"+30-793-247-4222";"Cleon";"Viviana";"Loosmore"
"+86-208-947-9600";"Alaster";"Torey";"O'Donnelly"
"+86-824-801-5767";"Saraann";"Jerrome";"Lounds"
"+60-350-226-5841";"Gui";"Daryl";"Plimmer"
"+86-884-655-3388";"Zacharia";"Yalonda";"Menel"
"+27-965-829-1989";"Klemens";"Giffer";"Priestner"
"+55-421-600-5429";"Ferdinande";"Lisabeth";"Salerno"
"+7-470-288-7889";"Kriste";"Wallis";"Yuranovev"
"+7-632-814-3248";"Felix";"Kirby";"Maulden"
"+7-980-777-5108";"Virgina";"Nehemiah";"Nestoruk"
"+63-256-196-3799";"Katalin";"Ara";"Vose"
"+86-570-820-3107";"Pippo";"Roselia";"Leamy"
"+86-144-714-7489";"Kathrine";"Matthias";"Grigorushkin"
"+371-850-341-9316";"Bobbye";"Glyn";"Haukey"
"+98-750-346-3541";"Normand";"Sheffield";"Sturm"
"+46-108-433-1909";"Goldia";"Wilow";"Bysshe"
"+86-653-255-2309";"Ester";"Alfie";"Mulvaney"
"+7-226-888-5766";"Aili";"Conn";"Boatman"
"+51-684-172-0531";"Bobinette";"Rickard";"McFall"
"+7-439-684-7428";"Cleo";"Ronny";"MacQueen"
"+7-364-238-0471";"Roseanna";"Eal";"Steddall"
"+351-300-388-3131";"Hedwiga";"Royall";"Roser"
"+33-788-135-9027";"Cayla";"Othilia";"Smalley"
"+504-426-799-7488";"Frans";"Mireielle";"Moxstead"
"+7-475-401-7305";"Debora";"Ingamar";"Molyneux"
"+351-539-633-4608";"Sophi";"Alley";"Lambird"
"+386-434-376-2159";"Vernor";"Janean";"Orvis"
"+7-225-117-9415";"Devondra";"Nonah";"Toffoletto"
"+62-403-885-6887";"Gamaliel";"Curran";"Soffe"
"+998-538-457-4031";"Noell";"Fidela";"Witcherley"
"+7-923-632-7675";"Faulkner";"Andris";"Sturdgess"
"+1-702-766-2699";"Karalynn";"Amery";"Goodnow"
"+86-619-350-2462";"Kristofor";"Maxwell";"Pancast"
"+356-751-366-3742";"Kore";"Amory";"Weekland"
"+84-229-488-0247";"Auroora";"Clarissa";"Debling"
"+420-237-747-4143";"Jerrie";"Shana";"Espley"
"+504-302-314-2141";"Torey";"Mercy";"Brennen"
"+504-113-815-2183";"Sissy";"Sigmund";"Gawke"
"+7-152-187-0973";"Hope";"Kaye";"Reyes"
"+52-340-122-7326";"Scarlett";"Emiline";"Gaddes"
"+62-533-703-4667";"Elspeth";"Frederico";"Maylour"
"+84-631-663-7946";"Ripley";"Jami";"Careswell"
"+63-911-214-1409";"Marybelle";"Angela";"Bucktrout"
"+62-680-218-0438";"Vonni";"Vanessa";"Arnowicz"
"+81-845-664-8591";"Rosamund";"Doreen";"Droogan"
"+86-587-801-4535";"Ricki";"Phyllida";"Orgee"
"+54-969-772-8744";"Clementine";"Judye";"Eustanch"
"+972-453-996-3267";"Jorgan";"Ebonee";"Plenty"
"+63-774-470-2289";"Marline";"Flora";"Fahey"
"+593-879-465-6706";"Filmore";"Seline";"O'Farrell"
"+31-783-542-2330";"Winonah";"Alice";"Rushby"
"+1-615-851-5657";"Christopher";"Inesita";"Darthe"
"+504-657-922-7931";"Salim";"Emmye";"Kellock"
"+62-969-825-9719";"Yolande";"Hank";"Blain"
"+355-687-790-6741";"Francesca";"Beniamino";"Pawelec"
"+1-594-615-6566";"Kaylyn";"Katuscha";"Casol"
"+62-384-373-6405";"Jillene";"Gabbi";"Hendrickson"
"+62-771-307-5120";"Irita";"Jillane";"Pears"
"+62-860-882-4480";"Riannon";"Derby";"Hateley"
"+7-838-358-7907";"Siegfried";"Alejandra";"Cluely"
"+31-818-824-8186";"Denys";"Ramonda";"Yetton"
"+54-141-721-2555";"Kirk";"Lucy";"Castellet"
"+381-689-393-9505";"Junia";"Foster";"Huxstep"
"+351-790-113-5444";"Malinde";"Faustina";"Roskrug"
"+86-528-779-1110";"Susanna";"Frederique";"Goldson"
"+62-663-284-8663";"Amanda";"Gustave";"Nore"
"+66-417-354-9919";"Olenolin";"Stevie";"Lavigne"
"+56-219-389-7261";"Patrizius";"Derwin";"Cattellion"
"+51-635-756-9561";"Rivalee";"Alyss";"Frensch"
"+7-944-881-8078";"Bordy";"Lotty";"Grenfell"
"+86-927-958-6590";"Hastings";"Corie";"Ruddoch"
"+52-735-285-7806";"Eugen";"Matilde";"Jakoubec"
"+7-430-356-9716";"Sonny";"Georgeta";"Lambie"
"+86-355-985-5979";"Lorette";"Norton";"Creek"
"+86-863-229-5899";"Christabella";"Breanne";"Hobell"
"+48-828-167-4104";"Penny";"Tomasine";"Kinghorne"
"+86-815-721-7853";"Harlen";"Nicolea";"Weinmann"
"+54-454-872-7411";"Alana";"Jacynth";"Anthony"
"+231-950-717-1832";"Erminie";"Joete";"Myhan"
"+86-271-622-2384";"Mellie";"Putnam";"Shayes"
"+7-499-924-8388";"Anica";"Cory";"Stephenson"
"+7-539-222-9561";"Portia";"Karna";"Bonson"
"+86-121-897-0760";"Diane-marie";"Astrid";"Branscomb"
"+7-871-105-7473";"Ethelin";"Karine";"Cochern"
"+1-480-730-1759";"Kaia";"Teena";"Merrgan"
"+51-264-142-2720";"Em";"Valry";"Oakden"
"+355-298-293-6764";"Errol";"Lou";"Crips"
"+7-243-589-0857";"Court";"Baxy";"Bolf"
"+380-563-859-5908";"Celinda";"Reeva";"Eayrs"
"+62-919-489-2378";"Tito";"Mickey";"Ratazzi"
"+49-815-935-9137";"Consolata";"Fowler";"Cianelli"
"+63-553-232-5313";"Jaine";"Breanne";"Thridgould"
"+39-958-989-0716";"Rosy";"Emmalee";"Daintree"
"+61-180-264-2018";"Lin";"Yvon";"Spere"
"+82-481-784-4020";"Chelsey";"Mile";"Muriel"
"+46-177-531-3886";"Kayne";"Romeo";"Borles"
"+507-898-972-7170";"Darice";"Benedetta";"Hayselden"
"+86-481-299-3880";"Sibilla";"Nessa";"Abad"
"+86-156-940-7528";"Maryann";"Flossie";"MacGauhy"
"+86-874-420-6297";"Putnam";"Silvanus";"Rozenbaum"
"+63-842-591-1706";"Bartie";"Laura";"Blanchard"
"+58-151-742-3664";"Avery";"Em";"Cockshut"
"+51-529-335-7210";"Amory";"Eudora";"MacNeachtain"
"+86-846-947-0369";"Leslie";"Meade";"Tassell"
"+54-553-688-0961";"Terese";"Gretchen";"Youell"
"+62-862-291-7405";"Rodina";"Shae";"Maudlen"
"+54-292-618-9618";"Tripp";"Bobbette";"Nattriss"
"+351-471-263-3847";"Marianne";"Corella";"Bewshea"
"+506-380-955-5100";"Petronilla";"Ogdon";"Laytham"
"+62-743-218-1388";"Minette";"Becka";"Atty"
"+62-352-153-4461";"Ezechiel";"Araldo";"Leckey"
"+48-413-951-5546";"Marlin";"Maynord";"Spickett"
"+381-799-783-8531";"Merrill";"Nadiya";"Arboin"
"+420-449-312-8990";"Kerr";"Lewes";"Makey"
"+1-898-917-1321";"Esmaria";"Vonny";"Casbon"
"+420-463-208-2226";"Marline";"Griselda";"Gheorghescu"
"+1-651-274-5267";"Mandi";"Roz";"Covil"
"+27-344-519-2018";"Lyndell";"Marylou";"Bearcock"
"+86-334-992-0935";"Jilly";"Irita";"Stoacley"
"+63-204-740-5948";"Valdemar";"Sinclare";"Northill"
"+86-182-485-2683";"Gerek";"Janna";"Smiley"
"+86-927-517-2128";"Peg";"Shena";"Hartles"
"+355-114-148-3658";"Rois";"Christoper";"Calender"
"+692-997-398-8040";"Conan";"Wrennie";"Esley"
"+7-371-388-0647";"Robinet";"Seumas";"Bachman"
"+256-319-782-2436";"Erinn";"Dewain";"Possell"
"+691-613-629-7936";"Randa";"Darryl";"Baxill"
"+57-843-865-4446";"Colline";"Ivory";"Vakhonin"
"+48-306-361-3073";"Wilow";"Raine";"Metts"
"+62-993-484-2830";"Fidelity";"Shanie";"Aggett"
"+380-650-529-6527";"Garey";"Charmion";"Irnis"
"+27-530-936-8658";"Gail";"Anita";"Cowdroy"
"+86-913-224-7273";"Morry";"Twyla";"Garfield"
"+33-153-460-1167";"Rodney";"Hunfredo";"Yong"
"+86-744-978-7281";"Torie";"Georgena";"Redmell"
"+86-290-620-1322";"Chiquia";"Ailina";"Salamon"
"+33-906-894-0997";"Konstance";"Zachary";"Carreck"
"+357-996-314-5961";"Abigail";"Robinette";"Kezor"
"+84-747-237-4668";"Stanislaus";"Alexandrina";"Dowtry"
"+58-518-117-9605";"Kincaid";"Courtnay";"McElane"
"+82-567-700-3274";"Edward";"Kala";"Naton"
"+351-797-276-2232";"Gabriel";"Stevana";"Tapenden"
"+374-621-183-8509";"Syman";"Lucho";"Muxworthy"
"+351-239-627-1183";"Carroll";"Emelita";"Scripture"
"+351-183-492-9479";"Sargent";"Emmaline";"Conws"
"+63-992-674-9678";"Thurstan";"Irvine";"Gomby"
"+359-665-559-0929";"Aileen";"Bertrand";"Pollok"
"+62-969-888-6612";"Codi";"Archaimbaud";"Rentenbeck"
"+47-225-649-2855";"Brittan";"Krisha";"Keattch"
"+86-239-454-3712";"Effie";"Kitti";"Olrenshaw"
"+62-397-382-8606";"Fanchon";"Tybie";"Lawlie"
"+7-741-429-3636";"Sianna";"Perrine";"Tschersich"
"+234-940-899-9119";"Ingamar";"Jake";"Blaksland"
"+1-499-165-6215";"Curcio";"Fae";"Reedie"
"+86-398-264-5598";"Crin";"Horatio";"Ballintime"
"+376-869-496-7914";"Abbey";"Maggi";"Hacard"
"+86-203-124-5641";"Randolph";"Salomone";"Shirland"
"+380-736-637-2372";"Flossie";"Haven";"Juppe"
"+62-588-462-8917";"Annalee";"Titos";"Haverty"
"+502-244-177-8851";"Hatty";"Fayth";"Frenchum"
"+86-395-367-4273";"Bronnie";"Cully";"Buckner"
"+86-760-406-5597";"Maye";"Waite";"Vanyutin"
"+86-422-211-2341";"Kane";"Chrisy";"Kopps"
"+63-426-443-3105";"Thacher";"Cynthie";"Klyn"
"+52-935-399-6592";"Ashlin";"Micah";"Aberkirdo"
"+86-950-563-5491";"Adler";"Burr";"Janton"
"+62-237-517-3536";"Biron";"Mignonne";"Drabble"
"+382-818-590-0190";"Florence";"Aretha";"Andrag"
"+7-700-807-1262";"Leroy";"Aurilia";"Guerrero"
"+504-106-458-7846";"Drona";"Johanna";"Officer"
"+850-221-130-1331";"Veronika";"Amory";"Simnett"
"+86-477-275-7745";"Troy";"Kristal";"Hardison"
"+82-909-854-3288";"Berkley";"Lizzie";"Josefer"
"+54-432-646-2119";"Lauree";"Fredek";"Horder"
"+358-659-168-8500";"Lorine";"Natalya";"enzley"
"+62-554-205-4492";"Shaun";"Corrie";"Yorkston"
"+358-140-888-4861";"Dorris";"Sullivan";"Dove"
"+86-545-522-7414";"Lianna";"Nerita";"Bodicam"
"+62-701-376-0292";"Ardene";"Dukey";"Blumson"
"+263-954-153-1211";"Erin";"Wendy";"Dishmon"
"+505-170-343-6875";"Maurits";"Daven";"Warret"
"+81-560-964-4587";"Dulce";"Jeffie";"Mines"
"+7-348-663-5190";"Thelma";"Theda";"Pennings"
"+590-735-816-4388";"Townsend";"Bernelle";"Elderidge"
"+66-186-953-3170";"Dav";"Merrile";"Formigli"
"+62-459-909-0733";"Lexie";"Troy";"Dell 'Orto"
"+1-773-582-7043";"Bridie";"Bancroft";"Maneylaws"
"+380-476-689-8558";"Rickert";"Hillier";"McIlhatton"
"+351-711-116-2307";"Jaine";"Pearla";"Cheley"
"+46-386-612-6912";"Chloette";"Filbert";"Ivashnyov"
"+81-284-126-7434";"Melantha";"Eben";"Blase"
"+33-311-450-6802";"Web";"Stepha";"Colum"
"+62-417-911-7347";"Konstanze";"Elizabet";"Croysdale"
"+48-400-174-5053";"Kendall";"Byrom";"Fuke"
"+60-141-625-2364";"Vonni";"Sella";"Follit"
"+380-553-553-3556";"Kerby";"Susannah";"Duesbury"
"+62-811-383-1031";"Cyril";"Suzie";"Inker"
"+62-915-971-3039";"Sonnie";"Gregorius";"Spores"
"+33-181-613-8051";"Rozalie";"Fidelia";"Halpen"
"+970-225-637-5332";"Daphne";"Nike";"Plumb"
"+258-498-512-7622";"Kippie";"Ingra";"Igglesden"
"+52-990-381-8943";"Free";"Kalina";"Challis"
"+33-989-210-7869";"Sheena";"Tuckie";"Monday"
"+86-161-992-6213";"Emmerich";"Mike";"Clipson"
"+254-486-812-3670";"Veradis";"Ario";"Sedman"
"+81-889-214-3658";"Joela";"Laurella";"Darwin"
"+351-148-877-3686";"Kimberlyn";"Reg";"Cutmere"
"+46-433-401-5521";"Melly";"Pennie";"Flippini"
"+63-318-436-2424";"Rossie";"Errol";"Shimoni"
"+86-243-285-9105";"Robena";"Gladi";"Scopham"
"+7-605-757-7802";"Billy";"Ira";"Pepperrall"
"+381-705-750-1109";"Winfred";"Valli";"Goozee"
"+269-235-715-1295";"Francesco";"Zsa zsa";"Dominichelli"
"+355-835-146-1098";"Merissa";"Annissa";"Tatnell"
"+57-700-400-9132";"Dorey";"Marena";"Satteford"
"+81-193-361-1553";"Austina";"Duncan";"Bruhke"
"+86-555-726-3439";"Elvin";"Bevan";"Faughny"
"+505-116-605-2618";"Crichton";"Wells";"Mailey"
"+81-248-231-6195";"Rhianna";"Brien";"Kellart"
"+54-154-875-2363";"Humbert";"Sisile";"Rannigan"
"+86-543-920-8927";"Lock";"Patrizia";"Eyes"
"+93-617-809-2256";"Haslett";"Kelsey";"O'Hollegan"
"+218-204-667-5071";"Mavra";"Ulrich";"Oxtarby"
"+27-191-935-5049";"Matti";"Mose";"Wolford"
"+383-688-493-4992";"Nelie";"Shana";"Fessler"
"+62-154-516-5793";"Rozalie";"Elsie";"Richemond"
"+387-384-137-5846";"Sally";"Hamil";"Boldry"
"+46-307-145-5490";"Gabriellia";"Ema";"Beddin"
"+57-894-870-7729";"Laird";"Jayme";"Wollard"
"+86-284-498-6785";"Rhett";"Rourke";"Garside"
"+7-310-356-6739";"Mehetabel";"Martie";"Doxsey"
"+52-357-102-7699";"Hollie";"Mollie";"Worpole"
"+33-364-495-4351";"Claude";"Thorny";"Daglish"
"+62-359-158-5321";"Rivy";"Bette-ann";"Spencer"
"+7-718-669-7480";"Eugenio";"Morley";"McDermott"
"+234-296-640-5669";"Antoni";"Wayland";"Berger"
"+86-482-239-9877";"Tamera";"Bernita";"Paule"
"+62-240-679-1672";"Rozina";"Leesa";"Pressman"
"+86-141-791-6064";"Aron";"Raynell";"Fellis"
"+62-946-899-3469";"Hyacinthe";"Annadiane";"Weddell"
"+1-501-633-8528";"Bennie";"Deedee";"Meert"
"+996-553-521-7189";"Chen";"Rianon";"Hollindale"
"+62-974-634-8589";"Giselle";"Marty";"Cradoc"
"+48-633-417-9922";"Alikee";"Alison";"Waltering"
"+351-384-208-8193";"Nessy";"Reba";"Trowel"
"+63-169-401-6123";"Yorgo";"Britte";"Hutchcraft"
"+81-458-281-0281";"Teddy";"Kari";"Bush"
"+504-473-994-5907";"Warner";"Cornela";"Blazejewski"
"+20-489-704-7133";"Jabez";"Toma";"Kulvear"
"+86-993-135-6988";"Zedekiah";"Kip";"Corradi"
"+86-201-228-7405";"Lorrie";"Yuma";"Dowsey"
"+66-682-574-2370";"Thia";"Karlik";"Maly"
"+86-694-240-4118";"Stanford";"Ernesto";"Newsham"
"+374-863-168-5635";"Benjy";"Hesther";"Furbank"
"+233-945-545-8568";"Nerte";"Davey";"Tedorenko"
"+86-810-428-0779";"Ringo";"Aguie";"Moth"
"+62-391-642-7808";"Cherise";"Zia";"Lorent"
"+385-964-105-2970";"Caralie";"Adolphus";"Stillman"
"+358-781-913-2075";"Loretta";"Bertie";"Lintott"
"+7-751-308-4497";"Krishna";"Basilio";"Cantle"
"+374-604-446-8537";"Yolande";"Leone";"Calver"
"+86-136-539-6224";"Milissent";"Janelle";"Cattlemull"
"+970-250-589-2276";"Frazer";"Daryle";"Shirt"
"+86-923-966-5663";"Shalna";"Cirstoforo";"Duckham"
"+351-498-317-1222";"Astra";"Eli";"Weatherup"
"+63-572-664-1956";"Bobbe";"Alvera";"Issacof"
"+92-174-910-0915";"Willdon";"Wynny";"Silverwood"
"+62-982-333-9246";"Caspar";"Klaus";"Hawkings"
"+63-868-947-9381";"Leonardo";"Teodor";"Miner"
"+86-899-949-2660";"Steward";"Wallis";"Cuerdall"
"+7-620-337-2927";"Emelina";"Winnifred";"Gilluley"
"+84-242-717-0778";"Madison";"Drud";"Peasee"
"+62-424-714-7652";"Cooper";"Sula";"Etchells"
"+351-666-167-3009";"Chico";"Lilyan";"Mardle"
"+86-402-455-3940";"Jilly";"Juliane";"Manolov"
"+86-544-970-0590";"Erinna";"Wilfred";"McHale"
"+62-239-198-5889";"Dimitri";"Percival";"Bagnal"
"+55-321-651-6476";"Yasmeen";"Nerta";"Dufaur"
"+55-363-833-1981";"Sosanna";"Agnes";"Smedmoor"
"+86-607-441-9153";"Zaneta";"Kirby";"Aubin"
"+234-483-324-5309";"Wilona";"Kissie";"Arrighetti"
"+1-711-480-3049";"Martino";"Codi";"Balk"
"+963-347-621-3905";"Lacee";"Amil";"Yorke"
"+64-258-791-9016";"Karil";"Ferrel";"Ginman"
"+63-729-197-4941";"Timmie";"Cathee";"Naton"
"+351-751-888-5225";"Anabel";"Bertie";"Lebbern"
"+86-361-528-1073";"Lindsay";"Bobby";"Yeatman"
"+7-718-915-2783";"Ilse";"Brittne";"Mulderrig"
"+62-511-677-0767";"Sue";"Ashlie";"Calderbank"
"+63-485-926-2448";"Vinnie";"Ritchie";"Garie"
"+7-465-879-6860";"Corrinne";"Herc";"Ballendine"
"+46-473-471-4531";"Honor";"Lucille";"Reddell"
"+51-212-941-2274";"Demott";"Whitby";"Sautter"
"+51-212-941-2282";"Demott";"Eleanore";"Gilbeart"
"+48-697-239-2969";"Lynna";"Lena";"St Pierre"
"+86-208-163-6638";"Dall";"Teodoor";"Kynson"
"+62-832-708-1339";"Raffaello";"Whitby";"Shand"
"+48-211-167-3605";"Gustave";"Belinda";"Sautter"
"+218-141-434-0056";"Cornie";"Harri";"Lynd"
"+351-968-673-7067";"Wendye";"Leena";"Golagley"
"+57-667-841-7377";"Hollyanne";"Farrel";"Nattrass"
"+62-589-679-5584";"Veriee";"Bancroft";"Kobsch"
"+1-843-772-1105";"Chester";"Rhett";"Give"
"+351-602-338-7161";"Adel";"Drusilla";"Addess"
"+258-472-981-4311";"Adrianne";"Kym";"Graddell"
"+62-164-633-0694";"Menard";"Ashley";"Cayzer"
"+359-833-902-0437";"Olin";"Morna";"Merrett"
"+256-517-807-3782";"Lissi";"Jo";"Francom"
"+260-996-731-7194";"Clemmy";"Idelle";"McGall"
"+86-363-373-3437";"Arlinda";"Hobard";"Farrah"
"+57-317-874-9588";"Tades";"Chiquita";"Sabater"
"+355-121-986-5242";"Nelia";"Adorne";"Watkiss"
"+963-502-545-3003";"Branden";"Wilmer";"Shrieves"
"+62-838-461-1313";"Dell";"Goldy";"Yegoshin"
"+62-614-655-4642";"Brant";"Kayla";"Girardini"
"+86-836-487-6694";"Hugo";"Charley";"Yearsley"
"+244-895-362-3021";"Donnamarie";"Nicola";"Tran"
"+66-624-250-5638";"Penny";"Gaby";"Undy"
"+7-433-750-7310";"Hanson";"Kristos";"Barkway"
"+269-309-207-8588";"Randa";"Giuseppe";"Pengilley"
"+62-385-745-6132";"Meredeth";"Emilia";"Gionettitti"
"+358-862-423-3694";"Morgan";"Clint";"Leverage"
"+1-562-555-3816";"Blake";"Jess";"Marcos"
"+33-769-221-4992";"Nollie";"Garfield";"Faunt"
"+86-943-804-3915";"Viola";"Humfrey";"Preist"
"+63-804-913-5012";"Ivie";"Syman";"Birch"
"+86-824-686-3646";"David";"Babs";"Bhatia"
"+46-839-305-0110";"Arlana";"Kristal";"Measor"
"+998-199-314-9413";"Catherine";"Crystal";"Crumly"
"+678-156-234-0835";"Emily";"Jon";"Bradfield"
"+62-987-909-7212";"Ken";"Verile";"Kyte"
"+351-162-916-2752";"Rosa";"Cherianne";"Kalker"
"+62-862-397-1579";"Karia";"Renaud";"Luke"
"+380-434-112-2848";"Anastasia";"Gavin";"Quantrell"
"+48-419-136-6738";"Chantal";"Glen";"Corsar"
"+7-837-997-7261";"Murry";"Olivia";"Sirey"
"+7-656-919-6701";"Minor";"Elsey";"Grushin"
"+46-797-759-4670";"Guinevere";"Adella";"Calbert"
"+354-244-466-7220";"Joletta";"Caleb";"De La Haye"
"+46-250-700-5007";"Minni";"Glennie";"Wale"
"+86-898-468-9121";"Witty";"Zonda";"Crellim"
"+994-277-702-7080";"Davon";"Lara";"Woodier"
"+46-273-617-3220";"Arri";"Sid";"MacMenamin"
"+48-826-934-4023";"Ely";"Sky";"Rableau"
"+249-361-857-6239";"Cacilia";"Teresina";"Mellings"
"+7-466-158-2821";"Clemens";"Tobit";"Kielty"
"+84-478-726-4903";"Leyla";"Ruprecht";"Stable"
"+7-715-935-7009";"Pippo";"Gillan";"Escreet"
"+86-434-887-0384";"Donni";"Simona";"Petri"
"+352-292-777-7315";"Thorvald";"Guy";"Jessett"
"+62-370-207-6035";"Lincoln";"Grace";"Bloxsom"
"+7-473-489-5640";"Nowell";"Clemmie";"Stickells"
"+358-868-512-7559";"Wallache";"Kim";"MacCallam"
"+62-271-372-5588";"Deane";"Pru";"Veltmann"
"+7-177-174-1355";"Rachel";"Bette-ann";"Aspden"
"+62-971-146-0558";"Keelby";"Elsa";"Fawke"
"+86-834-183-5549";"Jakie";"Odella";"Eringey"
"+420-470-358-6326";"Dodi";"Wenonah";"Fussey"
"+46-656-708-9134";"Gayle";"Phaidra";"Liles"
"+57-321-953-9045";"Nikola";"Belia";"Trighton"
"+62-732-245-4744";"Lita";"Davon";"Dannel"
"+62-932-297-3493";"Ninetta";"Sabine";"Suddock"
"+33-815-916-2520";"Fredelia";"Iorgos";"Baughen"
"+86-744-626-6323";"Jessa";"Petrina";"Gercke"
"+1-704-791-5751";"Keslie";"Frayda";"Bambridge"
"+7-896-756-7642";"Estell";"Henriette";"Aronovitz"
"+234-716-758-4424";"Cory";"Lorne";"Arrighi"
"+420-762-190-6323";"Shana";"My";"Udell"
"+86-723-827-0737";"Therine";"Barbaraanne";"Inston"
"+351-423-302-1252";"Nicola";"Della";"Litchmore"
"+27-466-465-3335";"Giulietta";"Siobhan";"Lehrer"
"+375-816-623-4780";"Mignon";"Austin";"Tampion"
"+62-350-673-1686";"Claretta";"Jeremie";"Kubec"
"+420-115-184-5819";"Bernardine";"Roderick";"Wigfall"
"+977-437-542-8094";"Granville";"Renee";"Cullnean"
"+351-107-670-0569";"Serge";"Auria";"Peggrem"
"+30-321-104-3216";"Arlyne";"Pietra";"Bergeau"
"+82-422-574-5008";"Trudie";"Barbaraanne";"McSkin"
"+86-793-574-1859";"Rafaelia";"Cam";"Deason"
"+86-808-989-2309";"Cleo";"Augustine";"Zanuciolii"
"+86-874-882-2506";"Katya";"Darb";"Carpenter"
"+46-828-868-2194";"Micky";"Weber";"Clausson"
"+48-670-370-4255";"Onfroi";"Welch";"Djorevic"
"+52-141-321-7893";"Martie";"Linnell";"Cheeney"
"+62-118-563-7736";"Marga";"Kath";"Ventham"
"+51-649-806-3011";"Garvy";"Marla";"Patry"
"+86-518-976-4844";"Carole";"Cordelie";"Grabiec"
"+86-224-862-5865";"Ermanno";"Delmar";"Amsden"
"+86-896-728-9291";"Wayland";"Lexie";"Kira"
"+95-130-824-1004";"Auberon";"Burton";"Chennells"
"+216-500-346-5270";"Madella";"Web";"O'Nowlan"
"+27-484-894-1742";"Carline";"Crissie";"Manson"
"+1-678-102-3068";"Adam";"Yetta";"Strivens"
"+389-976-749-5654";"Ambrosius";"Patsy";"Baugh"
"+62-881-698-6057";"Morry";"Hedvige";"Axton"
"+63-617-689-8052";"Karoly";"Gerry";"Wicks"
"+375-868-583-2300";"Jaquelyn";"Cedric";"Adamo"
"+1-202-409-2387";"Wren";"Viviene";"Barta"
"+261-793-530-3211";"Torre";"Bettye";"Rubinsztein"
"+62-608-620-5378";"Em";"Rutger";"Haskell"
"+1-236-228-2219";"Harriett";"Quinn";"Kearey"
"+351-303-344-5299";"Bobine";"Filip";"Markovic"
"+51-631-490-0157";"Con";"Sisely";"Hearfield"
"+86-825-342-8129";"Frankie";"Bourke";"Castellanos"
"+86-133-215-4906";"Monika";"Lucilia";"Dittson"
"+86-137-806-8470";"Lorine";"Josephine";"Rabbage"
"+47-773-913-0191";"Horten";"Vi";"McCrie"
"+62-271-695-5216";"Winni";"Sigismund";"Mighele"
"+62-104-605-1814";"Morie";"Roch";"Dyerson"
"+63-782-232-6179";"Alissa";"Micky";"Vivien"
"+506-915-119-0524";"Skip";"Kayne";"Dalyiel"
"+62-336-479-5574";"Bary";"Bonnie";"Marchington"
"+86-974-824-5326";"Mela";"Avram";"Foxten"
"+351-288-339-5770";"Kalinda";"Shel";"Shoard"
"+234-661-475-8570";"Sandro";"Sybil";"Arnull"
"+62-811-374-0648";"Marketa";"Winny";"Burnsyde"
"+66-986-562-0927";"Nicolette";"Raoul";"Ramel"
"+62-691-415-2826";"Dotty";"Knox";"Fawson"
"+62-344-971-1077";"Raymond";"Evvy";"Borles"
"+86-927-694-2706";"Augusta";"Meghann";"Firpo"
"+54-189-330-1443";"Adham";"Ruby";"Tappor"
"+56-129-348-4557";"Phillis";"Konrad";"McKenzie"
"+46-875-640-8780";"Jacklin";"Conni";"Guys"
"+420-939-389-2898";"Leeland";"Trip";"Braven"
"+594-336-751-9403";"Alexandr";"Wendie";"Mulrean"
"+55-554-398-2848";"Morlee";"Theodore";"Itzik"
"+84-474-785-6031";"Sibyl";"Vikky";"Twinning"
"+359-620-897-8707";"Laurice";"Gusta";"Ramard"
"+1-404-677-9202";"Damara";"Nani";"Ordelt"
"+33-205-780-9972";"Carmina";"Ronald";"Peppett"
"+46-401-941-8573";"Fleming";"Cody";"Loud"
"+62-653-889-0434";"Fred";"Nickola";"Bangle"
"+7-749-111-9276";"Maddy";"Donall";"Gobat"
"+357-950-512-2598";"My";"Rowena";"Alwood"
"+63-316-116-2682";"Shir";"Kenton";"Kristof"
"+238-870-333-0283";"Celeste";"Nancee";"Tireman"
"+86-356-400-1094";"Latia";"Frederic";"Treharne"
"+55-177-435-6066";"Ursala";"Keene";"Buscher"
"+358-512-902-3779";"Mordy";"Andra";"Grabiec"
"+86-268-428-4307";"Raddy";"Irena";"Redfern"
"+86-320-793-6770";"Lucine";"Cull";"Phizackarley"
"+66-524-438-9901";"Hertha";"Benjy";"Mulhall"
"+261-721-797-0574";"Deina";"Hali";"Knevet"
"+420-457-169-1946";"Hedvig";"Brena";"Emmer"
"+55-137-392-8825";"Lacey";"Jordanna";"Valerius"
"+86-345-701-3953";"Theodora";"Shaun";"Heinlein"
"+86-717-789-9957";"Deeann";"Giselbert";"Rickarsey"
"+66-847-422-4134";"Deanna";"Coleman";"Stabbins"
"+86-799-165-5422";"Shermie";"Melany";"Staines"
"+233-821-438-1803";"Margo";"Hiram";"Elliker"
"+55-226-138-5774";"Donelle";"Ashli";"Celiz"
"+55-126-262-5511";"Lawrence";"Moishe";"Novakovic"
"+63-951-736-9414";"Geneva";"Ingemar";"Brittles"
"+7-369-124-8886";"Katharine";"Meryl";"Bedinn"
"+7-326-142-3804";"Gerrilee";"Karlik";"Rampley"
"+62-795-938-4450";"Merwin";"Dollie";"Monahan"
"+351-639-914-3924";"Keefer";"Neille";"Tregenna"
"+84-803-858-9706";"Sonny";"Bartel";"Guesford"
"+359-979-913-3139";"Leonerd";"Allene";"Sainz"
"+62-305-263-3698";"Emmanuel";"Sascha";"Goldup"
"+86-670-923-7464";"Maggie";"Orrin";"Soulsby"
"+420-396-993-7391";"Stephana";"Karel";"Foard"
"+55-562-250-5028";"Jewel";"Cale";"Baynam"
"+385-843-714-6393";"Kyle";"Korie";"Rudland"
"+7-185-943-3695";"Burtie";"Bryan";"Rubens"
"+351-199-947-4569";"Corena";"Myer";"Cockill"
"+62-973-569-9409";"Rodolph";"Allan";"Dennington"
"+1-860-146-5172";"Bradan";"Caye";"Peppin"
"+54-795-109-3854";"Berkeley";"Iolande";"Bowdon"
"+380-818-190-8472";"Gwendolin";"Poul";"Cregin"
"+57-546-714-0000";"Lani";"Norma";"Stoffersen"
"+358-104-678-6354";"Mitchael";"Ursulina";"Postin"
"+389-396-339-5599";"Hailee";"Tabina";"Adamiec"
"+66-628-144-3713";"Malynda";"Godart";"Skirvin"
"+7-262-963-9946";"Uriah";"Brynn";"Jedras"
"+86-160-520-4566";"Ruy";"Stefano";"Yell"
"+62-987-925-9337";"Sandy";"Gearalt";"Rebbeck"
"+92-511-121-7079";"Rodger";"Lamar";"Blackett"
"+7-794-663-8863";"Robby";"Cathie";"Millimoe"
"+420-225-189-8633";"Emeline";"Burgess";"Mughal"
"+52-139-304-4976";"Sapphire";"Micky";"Blofeld"
"+57-963-851-9038";"Poppy";"Hobart";"Thunders"
"+992-220-789-3983";"Sonia";"Tracy";"Hannabus"
"+86-534-455-5138";"Esra";"Marleen";"Pocklington"
"+7-485-338-3386";"Guillema";"Woodman";"Peach"
"+7-450-567-8943";"Chryste";"Kendell";"Batrim"
"+54-549-544-4376";"Filip";"Benni";"Farncombe"
"+63-669-274-3248";"Jordan";"Steven";"Dumingo"
"+593-202-864-9639";"Mechelle";"Desi";"Faustin"
"+62-742-361-4695";"Birk";"Natassia";"Varty"
"+55-666-155-5455";"Evyn";"Austin";"Doe"
"+234-130-411-7773";"Kendricks";"Jocko";"Stirzaker"
"+36-434-871-4902";"Keir";"Obed";"Gray"
"+86-416-996-2659";"Cathryn";"Stacia";"Gerrell"
"+86-896-226-5876";"Merrel";"Lenora";"Herety"
"+62-872-814-7569";"Pavla";"Vachel";"De'Vere - Hunt"
"+30-645-740-7274";"Fidela";"Randy";"Cowtherd"
"+36-821-452-6694";"Ashely";"Howie";"Pilsbury"
"+86-235-781-0238";"Stephi";"Leshia";"McGawn"
"+62-906-388-8430";"Lindsey";"Kristoffer";"Bendell"
"+86-549-304-6209";"Kevina";"Rex";"Blacksland"
"+55-586-460-6765";"Bill";"Nicola";"Finnes"
"+86-662-426-2268";"Sharleen";"Perrine";"Gallichiccio"
"+93-649-998-8779";"Howey";"Liva";"Handke"
"+7-504-771-2657";"Archie";"Kingsly";"Wrench"
"+374-923-117-7104";"Brnaby";"Urban";"Gammade"
"+86-574-811-3987";"Salli";"Ryon";"Burberry"
"+7-964-842-4037";"Viola";"Tamera";"Espinal"
"+32-383-278-1133";"Vasili";"Em";"Biasioni"
"+380-177-658-3233";"Gerik";"Miguel";"Joreau"
"+86-761-999-3202";"Lucy";"Raul";"Glaum"
"+255-420-565-2226";"Paulie";"Petr";"Leidl"
"+7-953-494-6257";"Farlie";"Hollie";"Jerrams"
"+62-979-489-7066";"Dredi";"Jeannie";"Carle"
"+353-961-724-1995";"Debbie";"Emmery";"Cockshutt"
"+86-194-223-3411";"West";"Linn";"Hasard"
"+351-925-663-3608";"Donetta";"Benoit";"Stern"
"+62-438-300-6968";"Tuesday";"Frannie";"Vineall"
"+86-663-413-7994";"Payton";"Roselia";"Brave"
"+598-625-345-6929";"Hyatt";"Zeke";"Mitchenson"
"+86-229-166-0386";"Coralyn";"Natala";"Stuffins"
"+20-330-608-7220";"Christopher";"Mandie";"Balaam"
"+86-856-442-6842";"Maitilde";"Althea";"Choke"
"+63-408-389-6023";"Clarance";"Dani";"Kingsnoad"
"+1-758-796-3751";"Peg";"Lydon";"Lowne"
"+7-580-806-4816";"Vladimir";"Ruthie";"Guyet"
"+254-497-572-7047";"Cob";"Heath";"Lonnon"
"+996-110-143-7049";"Foster";"Jane";"Tregaskis"
"+86-222-370-2548";"Tatiania";"Faythe";"Isgar"
"+374-385-410-8194";"Kayley";"Lonna";"Greensmith"
"+66-829-545-2317";"Mick";"Ives";"Crosfield"
"+970-842-644-7627";"Belva";"Roman";"Chezier"
"+63-389-502-7067";"Alvera";"Ermentrude";"Tointon"
"+55-959-776-1061";"Boy";"Clovis";"Habgood"
"+359-947-446-7232";"Rory";"Nina";"Skegg"
"+62-890-547-4038";"Nicolle";"Les";"Fritche"
"+52-522-560-6852";"Anjela";"Maryellen";"Wickey"
"+351-570-506-4290";"Rees";"Markos";"De Simone"
"+1-555-240-4870";"Evelina";"Kiley";"Rominov"
"+970-392-756-8786";"Osbourn";"Kelsey";"Petracek"
"+63-329-598-8111";"Cherise";"Lanie";"Winsper"
"+63-870-103-6657";"Denny";"Eirena";"Speedin"
"+63-515-741-8707";"Kamillah";"Shauna";"Estcourt"
"+62-302-681-8351";"Winthrop";"Blanch";"Breheny"
"+49-908-623-0347";"Sile";"Merrick";"Jarad"
"+48-915-252-3939";"Windy";"Bordie";"Kunisch"
"+420-530-236-7612";"Gretta";"Panchito";"Johnsson"
"+92-774-994-8051";"Kaela";"Eloisa";"Hedman"
"+86-358-246-5717";"Mikaela";"Kriste";"Mylchreest"
"+46-298-477-7779";"Ainslee";"Helsa";"Slyman"
"+351-246-580-5873";"Cal";"Angeline";"Soulsby"
"+86-975-395-8086";"Starlene";"Kaitlyn";"Blakemore"
"+86-395-611-6216";"Liana";"Fielding";"Muttitt"
"+976-678-328-2639";"Jared";"Jessa";"Bastard"
"+7-852-777-9602";"Cary";"Vale";"Swann"
"+963-159-791-3608";"Nicol";"Lenette";"Ragg"
"+62-419-856-8732";"Valentine";"Layney";"Van T'Hoog"
"+970-146-436-3673";"Janina";"Rochelle";"Lampbrecht"
"+30-980-595-4468";"Dani";"Marcus";"Vamplers"
"+670-983-885-9036";"Andrew";"Evangelina";"Engelbrecht"
"+971-339-718-9827";"Frederick";"Vlad";"Posselt"
"+299-729-897-9883";"Lillian";"Carlyn";"Sebastian"
"+7-830-768-1953";"Doloritas";"Grove";"Nani"
"+7-100-501-6281";"Ignacio";"Andromache";"Barth"
"+63-169-840-0196";"Blinny";"Marielle";"Lowre"
"+374-695-625-4989";"Ronald";"Ogden";"Stainland"
"+86-250-440-2276";"Wait";"Christen";"Mowle"
"+51-168-218-6158";"Vernor";"Fields";"Gotter"
"+81-136-351-5845";"Allard";"Darcee";"Calverd"
"+33-205-180-4693";"Dudley";"Larina";"Garnham"
"+86-866-873-0208";"Darlene";"Austen";"O'Feeney"
"+48-319-913-5721";"Yvonne";"Tremain";"Segar"
"+420-743-999-0290";"Regine";"Brand";"Kolodziejski"
"+52-899-349-5137";"Kelly";"Regine";"Yegorov"
"+62-773-731-4862";"Sianna";"Winthrop";"Dunseith"
"+86-752-199-1221";"Nickolai";"Clive";"Moubray"
"+60-282-954-5314";"Aldis";"Griffy";"Tunney"
"+86-868-570-6905";"Donni";"Garv";"Mulcaster"
"+86-759-270-1334";"Otho";"Patrice";"Carmel"
"+359-516-445-6167";"Belvia";"Tully";"Gonneau"
"+372-499-323-3050";"Arabela";"Mommy";"Keigher"
"+86-869-983-2163";"Tiebold";"Rea";"Parlot"
"+1-745-509-5261";"Teddie";"Markus";"Heskins"
"+51-625-847-9869";"Maude";"Cosette";"Sproston"
"+86-680-889-5861";"Darcee";"Letty";"Allsebrook"
"+46-336-454-0121";"Torin";"Billi";"Swanton"
"+62-123-556-0780";"Adelina";"Nesta";"Sainteau"
"+62-924-410-0727";"Menard";"Alvy";"Champkin"
"+48-956-960-2341";"Adelheid";"Tallia";"Bedson"
"+86-687-998-7273";"Karmen";"Bernete";"Divisek"
"+98-122-472-9963";"Leonerd";"Deanna";"Hosten"
"+44-531-420-2700";"Clayborn";"Barnebas";"Curnucke"
"+267-753-621-6027";"Braden";"Norene";"Aronsohn"
"+86-756-422-5294";"Barbie";"Candice";"Myner"
"+7-738-195-8675";"Babb";"Hasheem";"Bindley"
"+86-475-271-2895";"Rube";"Jessamyn";"Sadry"
"+60-284-559-5284";"Marni";"Booth";"Collicott"
"+226-355-239-1732";"Albrecht";"Ilario";"Aitchinson"
"+55-471-806-0464";"Kathie";"Anni";"Juan"
"+62-552-878-5794";"Jeannette";"Aura";"Greatland"
"+386-397-414-1167";"Markos";"Dougie";"Wimpenny"
"+48-737-416-4835";"Clim";"Raynard";"Jefferd"
"+7-161-509-1243";"Fred";"Myrtle";"Fibbens"
"+380-314-494-8802";"Tabina";"Regan";"Nesbit"
"+7-994-455-7068";"Arly";"Gare";"Tallach"
"+380-267-749-1251";"Linnie";"Tawsha";"Mackstead"
"+1-709-310-4722";"Kara";"Shepherd";"Langelaan"
"+1-520-459-4586";"Brynne";"Clarey";"Bingham"
"+33-253-127-5259";"Bren";"Malorie";"Pyzer"
"+62-721-968-5087";"Neddie";"Orly";"Ninnotti"
"+52-272-706-1942";"Monah";"Mahala";"Boyse"
"+51-722-677-9130";"Bettye";"Darrelle";"Gowers"
"+81-281-403-0151";"Rodina";"Vachel";"Snasdell"
"+386-509-947-7100";"Christine";"Minta";"Jacmar"
"+7-116-763-2954";"Klarrisa";"Rossie";"Lazenby"
"+54-630-840-8602";"Mahala";"Rafe";"Kuhnel"
"+81-102-909-0925";"Octavia";"Sergio";"Brehault"
"+355-163-923-2207";"Donnell";"Ajay";"Freear"
"+1-116-389-0364";"Samuele";"Edith";"Ludron"
"+63-158-420-5034";"Timmy";"Opal";"Ambrogetti"
"+7-170-316-9834";"Marcelo";"Leta";"Drillingcourt"
"+63-117-842-1459";"Julee";"Mattias";"Groundwater"
"+374-404-219-2327";"Charlotta";"Adham";"Jory"
"+55-415-553-6955";"Margot";"Baryram";"Anfonsi"
"+33-240-698-6881";"Meryl";"Ashia";"Antonio"
"+385-732-348-2512";"Claiborn";"Tabitha";"Thynn"
"+33-190-534-9714";"Meredithe";"Lula";"Tomczak"
"+63-373-308-1796";"Lyssa";"Winthrop";"Withers"
"+63-339-761-7069";"Munroe";"Leeanne";"Ben"
"+591-722-816-7583";"Joannes";"Denise";"Longhorne"
"+7-396-335-7167";"Miriam";"Dennet";"Romanski"
"+385-678-204-6336";"Lyndsie";"Elwin";"Romagosa"
"+7-606-343-8626";"Mickie";"Dominique";"Lerwell"
"+1-352-584-0198";"Kayley";"Rosabella";"Bridgen"
"+48-860-111-3386";"Danita";"Kathryne";"Wardale"
"+46-601-153-7449";"Taryn";"Winny";"Jacobsohn"
"+966-927-386-0248";"Alvis";"Dick";"Fairnie"
"+58-119-998-6932";"Ulrick";"Ina";"Munton"
"+62-730-679-8491";"Randolph";"Ketti";"Celloni"
"+33-769-151-4727";"Abeu";"Nicol";"Stennes"
"+57-837-410-3792";"Orel";"Artair";"Sherrin"
"+505-386-235-0109";"Jeannine";"Dori";"Saunier"
"+62-240-319-8255";"Rayna";"Bidget";"Eul"
"+351-494-222-5745";"Wilton";"Lissie";"Flear"
"+55-200-701-6147";"Josephine";"Rowe";"Tokell"
"+86-910-519-2137";"Laural";"Cele";"Erbe"
"+81-468-723-0233";"Osbourne";"Glynnis";"March"
"+86-777-992-3483";"Collete";"Joane";"Lovekin"
"+86-111-991-0980";"Gottfried";"Monty";"Rowland"
"+994-786-954-8111";"Quintus";"Ezra";"Kopacek"
"+55-339-346-6201";"Mehetabel";"Francklin";"Warrener"
"+351-820-876-1065";"Baxy";"Chick";"Morot"
"+48-802-257-7837";"Prue";"Nell";"Housin"
"+264-283-313-6218";"Ingelbert";"Fredericka";"Cayton"
"+996-625-517-3403";"Alta";"Wayland";"Simko"
"+62-467-816-9557";"Etheline";"Romola";"Eilhersen"
"+33-510-359-8335";"Hannah";"Shamus";"Ison"
"+62-307-643-9739";"Cece";"Arlena";"Ragles"
"+66-615-804-9892";"Silas";"Laurel";"Jowitt"
"+49-317-154-2609";"Garvin";"Tarrance";"Markel"
"+84-333-999-7661";"Marline";"Roddy";"Fahy"
"+372-413-866-9747";"Thia";"Sibylla";"Cayley"
"+373-146-122-5599";"Kerwinn";"Brenn";"Tripet"
"+47-172-277-3744";"Bastian";"Alicia";"Everleigh"
"+48-589-784-0100";"Sallyanne";"Madelene";"Hakonsson"
"+46-121-321-4753";"Basil";"Alister";"Roelvink"
"+62-958-923-6721";"Daveta";"Cybill";"Silverson"
"+63-573-447-3049";"Otho";"Erda";"Hallan"
"+48-683-690-0946";"Agata";"Eadmund";"MacCoughan"
"+673-117-398-6241";"Ivan";"Gardy";"Laban"
"+267-944-617-2173";"Dalston";"Glynis";"Birrell"
"+850-130-310-3045";"Cecilia";"Orelee";"Goodluck"
"+234-969-984-5709";"Elyn";"Mathias";"Houselee"
"+62-248-377-9981";"Davine";"Lexis";"Whates"
"+86-688-304-5822";"Lorena";"Danny";"Annetts"
"+380-312-248-2505";"Renate";"Talya";"Mingardo"
"+64-324-630-5474";"Tami";"Elnora";"Houlahan"
"+86-730-601-1144";"Craig";"Kathi";"Joye"
"+7-607-341-9939";"Hershel";"Kristine";"Cumbes"
"+43-172-843-0479";"Audra";"Tuck";"Shiril"
"+86-611-302-1367";"Kathe";"Douglass";"Van Leeuwen"
"+62-736-174-4783";"Tedi";"Onofredo";"Strutley"
"+63-313-836-0325";"Donella";"Nada";"Waight"
"+963-233-371-4530";"Hugh";"Tore";"Arndtsen"
"+86-210-547-7150";"Donall";"Sallyann";"Westby"
"+63-546-537-5530";"Ogdon";"Heath";"Yglesia"
"+62-956-138-1115";"Ogdon";"Nessy";"Mundy"
"+86-318-337-4173";"Jehu";"Dion";"Drew-Clifton"
"+880-777-458-5022";"Bryanty";"Rudy";"Pollok"
"+351-136-331-8128";"Daryl";"Lorain";"Dalloway"
"+234-349-493-9557";"Antons";"Patrice";"Gresch"
"+55-274-183-3350";"Tobias";"Flore";"Kesley"
"+357-674-595-2606";"Fredric";"Amalita";"Kells"
"+86-669-847-2052";"Justino";"Melosa";"Saing"
"+52-949-117-2912";"Adolf";"Aloysius";"Magog"
"+62-398-905-7659";"Ham";"Murdoch";"Blackborough"
"+48-530-232-2790";"Chris";"Julieta";"Hanrahan"
"+86-403-404-4113";"Ettore";"Pietro";"Booi"
"+48-957-595-7743";"Robby";"Melantha";"Lowndsbrough"
"+62-789-642-5531";"Shadow";"Link";"Shoebottom"
"+86-781-835-7139";"Beatrix";"Clayson";"Rydings"
"+60-547-691-6051";"Pietrek";"Binnie";"Smee"
"+55-198-795-4138";"Evelin";"Alphonse";"Giacomelli"
"+48-282-341-7823";"Gwyn";"Theresita";"Blaschek"
"+962-405-599-4916";"Giff";"Cherilyn";"Joesbury"
"+255-426-545-1368";"Colman";"Morgan";"Flintoffe"
"+262-779-383-8198";"Ronnica";"Ozzie";"Pepall"
"+62-599-845-0578";"Yevette";"Osbourne";"Allingham"
"+27-658-712-1054";"Stu";"Juanita";"Clout"
"+351-472-752-2759";"Bord";"Marnia";"Teffrey"
"+355-810-229-8490";"Vera";"Ranna";"MacConnechie"
"+267-954-520-1089";"Fayina";"Marylinda";"Bischof"
"+58-199-235-5326";"Terrance";"Konstance";"Probet"
"+976-606-262-5948";"Engelbert";"Geordie";"Chipping"
"+60-821-579-5705";"Duff";"Ambrosio";"de Courcey"
"+33-483-219-1257";"Minor";"Ellerey";"Stanway"
"+1-665-753-5111";"Kevon";"Veronika";"Hebditch"
"+66-624-670-0013";"Sal";"Edgar";"Dall"
"+62-406-176-8452";"Jaye";"Eduardo";"Winmill"
"+86-706-367-1176";"Devan";"Cart";"Skones"
"+61-919-141-9154";"Ulrika";"Angelico";"Orto"
"+55-283-652-9852";"Dukie";"Giuseppe";"Grayham"
"+63-266-471-3533";"Craig";"Celeste";"Rickcord"
"+62-477-928-4407";"Leonardo";"Melvin";"Stuckey"
"+86-537-184-5224";"Piggy";"Odell";"Kettlestringe"
"+62-212-641-1545";"Tracee";"Lemar";"Elvins"
"+7-304-200-6311";"Jolee";"Justinian";"Pressland"
"+55-732-242-0377";"Eleanora";"Terrijo";"MacTavish"
"+994-277-801-6498";"Miller";"Heath";"Larvor"
"+972-285-819-4586";"Abbey";"Tessy";"Lube"
"+66-220-451-4057";"Micheal";"Curr";"Tucsell"
"+51-571-491-5514";"Curry";"Madge";"Degan"
"+380-813-750-1234";"Rik";"Ansley";"Grzegorzewski"
"+62-320-560-9355";"Stefania";"Harman";"Lorente"
"+967-443-178-9202";"Erin";"Meridel";"Okker"
"+351-692-449-8986";"Valentine";"Chelsea";"Shevelin"
"+7-239-444-5028";"Blondell";"Artemas";"Haslam"
"+251-536-439-8498";"Terence";"Ronny";"Bushnell"
"+86-611-121-9166";"Wendye";"Loralyn";"Trever"
"+86-674-772-4686";"Katharina";"Rod";"Worsalls"
"+1-109-811-1788";"Courtney";"Constantin";"Lanning"
"+63-626-365-9355";"Lin";"Harland";"Hadcock"
"+375-789-814-3581";"Maybelle";"Joey";"Canedo"
"+387-448-692-2855";"Bendix";"Rudolf";"Vickars"
"+30-168-879-8147";"Ibrahim";"Ludovika";"Bignal"
"+33-234-308-9148";"Mason";"Claudian";"Montford"
"+7-339-979-7297";"Minnaminnie";"Elga";"Fullerd"
"+62-850-314-1372";"Paolo";"Fonzie";"Inchcomb"
"+92-788-328-7266";"Clarence";"Melicent";"Chewter"
"+7-261-960-8421";"Rick";"Matteo";"Alphege"
"+48-314-405-2977";"Bunny";"Whitney";"Cawley"
"+62-694-290-0661";"Katerine";"Cicely";"Ovington"
"+63-251-247-0328";"Hobey";"Koral";"Saffin"
"+420-700-107-0907";"Ambrosius";"Braden";"Blatherwick"
"+86-347-341-1490";"Arlette";"Dee dee";"Pickring"
"+7-656-669-5830";"Giselbert";"Doralia";"Hoys"
"+62-716-704-4568";"Flint";"Linnell";"Dinsdale"
"+55-105-785-2331";"Wolfgang";"Langsdon";"Kersaw"
"+62-578-588-0585";"Emma";"Aurel";"Blore"
"+420-504-806-3318";"Aloisia";"Sophia";"Sigert"
"+33-128-428-8367";"Janeczka";"Sadella";"Tregien"
"+235-651-233-5301";"Greggory";"Chloris";"Ingle"
"+357-579-655-3582";"Katleen";"Jammie";"Braidley"
"+375-313-532-0690";"Lilllie";"Sena";"Faire"
"+54-429-940-0795";"Tamra";"Teddie";"Chinnick"
"+81-450-356-6278";"Zena";"Bryn";"Leydon"
"+86-487-598-1426";"Jenn";"Hannah";"Taylder"
"+86-387-190-7468";"Zebulon";"Rees";"Meers"
"+352-722-746-8674";"Morrie";"Othello";"Bothbie"
"+7-717-879-4372";"Cesare";"Colene";"Dillingstone"
"+593-940-118-3475";"Jerald";"Ruby";"Durrett"
"+64-441-831-3441";"Nanete";"Lyn";"McNerlin"
"+86-368-475-3952";"Meghann";"Caresa";"Vasovic"
"+7-865-568-4758";"Shurwood";"Noelle";"Pikhno"
"+86-641-234-2630";"Barde";"Petronilla";"Colvie"
"+370-769-927-7908";"Lyndsay";"Urbain";"Duckerin"
"+86-236-230-7032";"Blondy";"Eb";"Mullin"
"+242-565-229-0306";"Ignace";"Ariel";"Rylstone"
"+86-599-889-0480";"Craggie";"Veronike";"Muat"
"+86-925-178-6197";"Lorelle";"Marius";"Rilston"
"+55-540-212-9265";"Orran";"Lezley";"Binnie"
"+62-179-371-5139";"Fabio";"Danny";"Uttley"
"+86-514-460-6144";"Melly";"Harland";"Rosenbaum"
"+380-663-191-1456";"Willdon";"Shelba";"Rubinsohn"
"+389-825-544-0033";"Fifine";"Sarena";"Duchan"
"+86-120-417-9208";"Adriana";"Elsbeth";"Sales"
"+967-254-303-7218";"Oralie";"Kerwinn";"Kenrick"
"+86-102-809-7085";"Miquela";"Stevie";"McGeouch"
"+81-459-436-0008";"Preston";"Chad";"Paraman"
"+7-746-390-6957";"Sansone";"Giselbert";"Seres"
"+62-723-218-4968";"Pasquale";"Heall";"Bernardotti"
"+92-791-933-0527";"Sapphira";"Sarena";"Baford"
"+86-887-322-0325";"Guy";"Nikolia";"Gusticke"
"+62-294-210-4758";"Courtney";"Fidel";"McCracken"
"+54-676-905-7724";"Simeon";"Curry";"Kite"
"+98-424-825-5473";"Neron";"Emerson";"Pomroy"
"+1-316-464-2373";"Aldwin";"Priscilla";"Callander"
"+506-415-182-2578";"Jarrid";"Karalynn";"Honnan"
"+7-269-114-0505";"Alyce";"Nert";"Broadnicke"
"+55-443-910-8604";"Douglas";"Beulah";"Dongall"
"+86-224-173-3422";"Gray";"Parrnell";"Stoate"
"+46-793-472-4208";"Clim";"Arley";"Fisby"
"+86-857-177-7223";"Antonia";"Hoebart";"Courtes"
"+7-496-111-4486";"Zenia";"Emogene";"Tebbett"
"+593-283-378-2234";"Katharina";"Humfried";"Kellet"
"+57-122-983-7562";"Viva";"Sinclare";"Gipson"
"+86-329-945-9111";"Lexi";"Had";"Faircley"
"+994-473-624-3696";"Cosimo";"Viole";"Deboo"
"+55-818-246-8446";"Kanya";"Tony";"Venner"
"+33-679-699-6949";"Birk";"Web";"Dahmel"
"+502-711-568-3156";"Courtnay";"Bell";"Gaule"
"+7-658-328-9747";"Nikolia";"Dorella";"Norcross"
"+62-268-202-3081";"Krysta";"Amber";"Stonard"
"+98-320-981-8343";"Emmaline";"Gav";"McGurk"
"+63-523-224-4211";"Flss";"Carce";"Goodding"
"+48-665-130-4790";"Fremont";"Lawton";"O' Culligan"
"+58-258-117-8865";"Theo";"Wash";"Crickmer"
"+54-699-644-1745";"Earlie";"Opal";"Joney"
"+86-970-606-3945";"Lora";"Andra";"Fancett"
"+62-566-178-2015";"Enrico";"Henriette";"Lamble"
"+86-673-626-9483";"Agathe";"Tanhya";"Durtnell"
"+62-952-840-7178";"Devina";"Katina";"Texton"
"+62-970-609-9537";"Ricard";"Opalina";"McAllister"
"+86-947-394-8289";"Allan";"Germaine";"Janczewski"
"+351-134-556-7374";"Clayton";"Anthe";"Kropach"
"+62-166-925-0970";"Irv";"Leonhard";"Worvill"
"+506-228-278-8865";"Boothe";"Genia";"Skea"
"+976-225-652-4513";"Harriot";"Hettie";"Carnson"
"+351-480-146-1199";"Sammy";"Philomena";"Kiltie"
"+81-133-951-4764";"Cointon";"Ingmar";"Napton"
"+86-665-990-8452";"Harris";"Tom";"Glason"
"+852-486-384-1265";"Fairlie";"Allix";"Denford"
"+504-210-763-2376";"Gilbertine";"Darleen";"Hodinton"
"+54-834-135-0684";"Janessa";"Wake";"Reimers"
"+62-649-636-9680";"Tomasine";"Ronnie";"Durnan"
"+86-533-546-7443";"Palmer";"Tyler";"Nafzger"
"+62-685-605-8319";"Fay";"Frasier";"Bowlas"
"+55-282-709-4068";"Terence";"Jamey";"Buckwell"
"+48-541-776-1954";"Omero";"Michel";"Rossbrooke"
"+63-274-187-2057";"Rufe";"Donica";"Clash"
"+375-388-503-7663";"Ryan";"Meriel";"Skeleton"
"+1-813-124-6570";"Ward";"Modestine";"Cockarill"
"+380-148-324-5051";"Jules";"Wilmette";"Ingamells"
"+212-114-201-5639";"Isa";"Delphinia";"Buzine"
"+263-197-724-1861";"Edlin";"Jerrylee";"Senn"
"+267-301-398-1377";"Johnette";"Ange";"Abatelli"
"+55-258-235-3892";"Dur";"Felix";"Bayless"
"+66-366-172-8263";"Thorndike";"Easter";"Weetch"
"+374-182-754-8410";"Silvia";"Reiko";"Westbury"
"+62-122-268-2880";"Blair";"Morris";"Cownden"
"+1-809-115-3429";"Shelbi";"Broderick";"Walton"
"+63-263-362-6499";"Caralie";"Dane";"Kearle"
"+63-196-831-9280";"Deb";"Symon";"Alves"
"+31-968-909-2552";"Allyn";"Mic";"Tortice"
"+86-292-853-5101";"Lorin";"Gaby";"McCue"
"+86-465-476-9726";"Matthus";"Vinni";"Ianinotti"
"+381-612-369-9735";"Garland";"Brocky";"Piggin"
"+55-948-707-8980";"Tami";"Tomlin";"Glabach"
"+86-270-633-3619";"Sharlene";"Dorice";"Legerton"
"+81-443-510-6946";"Liane";"Freddie";"Hassen"
"+234-612-753-4563";"Marti";"Kris";"Grancher"
"+62-961-914-8412";"Noble";"Quint";"Cullingford"
"+86-674-915-8121";"Erina";"Steward";"Bernardelli"
"+86-986-460-0710";"Erna";"Olivie";"Bank"
"+57-868-224-2499";"Izabel";"Lauren";"Renouf"
"+55-882-933-1688";"Reg";"Sophey";"Glanders"
"+970-474-636-3123";"Jeremy";"Micaela";"Syalvester"
"+62-764-841-3312";"Yorker";"Susann";"Thain"
"+81-600-737-6693";"Blythe";"Lucie";"Tulip"
"+62-520-104-2187";"Cornelle";"Samaria";"Noblet"
"+33-200-685-9506";"Marji";"Romeo";"Neising"
"+7-597-753-2552";"Dasi";"Malinde";"Pullan"
"+33-315-182-0107";"Vikki";"Vinson";"Lello"
"+48-234-215-6736";"Allx";"Ahmed";"Boncore"
"+46-472-124-5949";"Natividad";"Dianne";"Menlove"
"+86-788-931-7577";"Veda";"Twila";"Daudray"
"+63-231-910-7542";"Jimmie";"Reginauld";"Gadesby"
"+1-817-113-5788";"Cecilla";"Hewie";"Barlie"
"+998-235-611-1901";"Mano";"Keven";"Lindermann"
"+48-313-509-5440";"Dev";"Drew";"Kimmince"
"+86-258-116-6223";"Stanislaw";"Tim";"Ellick"
"+351-663-665-2356";"Gabbey";"Bar";"Mildner"
"+62-725-443-4656";"Krispin";"Maximo";"Sarchwell"
"+251-514-464-6827";"Noach";"Andrus";"Handslip"
"+86-417-171-2978";"Hewie";"Prudy";"Brockwell"
"+7-166-917-4508";"Delcina";"Marcille";"Tegler"
"+49-522-190-3732";"Timmi";"Darrick";"Brisset"
"+47-990-407-3002";"Lemmie";"Anne-corinne";"Diss"
"+7-409-742-0764";"Dewie";"Indira";"Showen"
"+46-382-694-3278";"Darelle";"Wynne";"Ganning"
"+63-638-790-7655";"Winna";"Fons";"Wolfit"
"+62-269-496-8948";"Anders";"Emilio";"McGivena"
"+62-413-651-2716";"Hastings";"Romain";"Weatherall"
"+86-677-359-6267";"Eartha";"Merwyn";"Alliker"
"+51-192-642-6295";"Kellby";"Adelina";"Pischoff"
"+1-757-393-3260";"Rosalynd";"Fanchette";"Mineghelli"
"+52-184-628-1747";"Sinclair";"Hermann";"Avrahamy"
"+33-885-625-7579";"Shawn";"Carling";"Vasilechko"
"+370-934-223-4381";"Fidelity";"Claudette";"Pullman"
"+63-656-268-3505";"Hubie";"Genvieve";"Mealiffe"
"+234-879-828-9192";"Jayne";"Ashton";"Strelitzki"
"+86-786-863-3494";"Kyrstin";"Karisa";"Madre"
"+33-360-774-2362";"Tammi";"Hersh";"Puzey"
"+46-965-408-5124";"Celesta";"Rey";"Chatt"
"+1-904-199-1166";"Thomasa";"Richard";"Coghlin"
"+62-891-450-6321";"Lexine";"Carmelina";"Morhall"
"+7-780-424-0137";"Anita";"Matthus";"Callacher"
"+86-692-647-8239";"Anita";"Alec";"Whaymand"
"+351-501-531-2175";"Vince";"Rand";"Moreland"
"+967-670-728-9770";"Tani";"Andie";"Ivashkin"
"+51-117-691-7079";"Der";"Dredi";"Grene"
"+62-888-340-5700";"Deeann";"Elvira";"Jenno"
"+86-405-306-2368";"Ashbey";"Kamila";"Challinor"
"+86-277-492-9608";"Kaleb";"Marsiella";"McKimmey"
"+86-476-674-2780";"Dud";"Jeni";"Birtchnell"
"+46-655-348-9089";"Lisbeth";"Maxwell";"Cuerdall"
"+98-534-373-9185";"West";"Judith";"Courtier"
"+54-755-144-7112";"Gunner";"Manny";"Babalola"
"+53-308-632-2126";"Loree";"Carlye";"Limmer"
"+380-639-361-0548";"Bran";"Shalom";"Stickings"
"+86-259-608-5266";"Vinnie";"Margaretha";"Bonaire"
"+355-614-344-2734";"Constantine";"Ellswerth";"Gobel"
"+86-630-147-7564";"Garrick";"Carma";"Hargroves"
"+351-174-824-7452";"Saunderson";"Rosmunda";"Moggie"
"+1-988-164-0290";"Barbabas";"Port";"Moses"
"+60-370-268-9216";"Goober";"Claudian";"Howroyd"
"+1-734-876-5756";"Valerye";"Ibby";"Lobb"
"+55-581-738-6793";"Violette";"Cris";"Tibbles"
"+84-440-226-7850";"Esmaria";"Millard";"Tucknutt"
"+1-913-479-0803";"Rosabella";"Aretha";"Chat"
"+33-721-546-8570";"Kimberlee";"Johannah";"Asplen"
"+86-136-405-3875";"Vail";"Quintus";"Brookzie"
"+57-362-218-5458";"Cate";"Farley";"Clemas"
"+86-185-858-7371";"Demetra";"Lauretta";"Frankcomb"
"+358-375-697-2137";"Trueman";"Alair";"Eason"
"+66-462-139-6164";"Glenden";"Erica";"Lockhead"
"+66-751-320-3362";"Marie-jeanne";"Ted";"Francesco"
"+33-326-342-4302";"Pail";"Alana";"Blucher"
"+850-656-856-4769";"Torrance";"Ruperta";"Absolem"
"+351-908-372-8819";"Silvia";"Vivianna";"Sorey"
"+63-383-379-7974";"Philippe";"Chery";"Prozillo"
"+66-390-712-0895";"Perry";"Leslie";"Porkiss"
"+63-366-837-7202";"Seamus";"Lurleen";"Teaser"
"+33-573-784-0980";"Pierette";"Baxter";"Kisby"
"+84-899-238-0321";"Juliana";"Krystalle";"Bartolomucci"
"+86-185-597-2371";"Abrahan";"Gratiana";"Sinclaire"
"+55-839-633-9045";"Ollie";"Annecorinne";"Symonds"
"+55-668-622-6290";"Celle";"Loren";"Storrah"
"+62-416-659-4910";"Brade";"Pincus";"Beebee"
"+55-504-683-3693";"Siegfried";"Sandra";"Olifaunt"
"+46-342-285-9816";"Constantine";"Gail";"Dodson"
"+66-834-626-0849";"Carmencita";"Margaret";"Ricardou"
"+255-420-914-0090";"Tomasina";"Fernandina";"Roswarn"
"+86-220-905-0290";"Ryon";"West";"Isack"
"+86-325-245-4936";"Ardine";"Paule";"Grinishin"
"+98-489-254-3109";"Whitby";"Geralda";"Denerley"
"+62-580-330-4876";"Marybelle";"Sinclair";"Arnow"
"+95-144-651-0669";"Kimbell";"Evyn";"Burlay"
"+233-445-529-0100";"Rea";"Michel";"Jarred"
"+237-230-512-3952";"Ogdon";"Abdul";"Ambage"
"+46-434-196-1509";"Pansy";"Norbie";"Gogie"
"+62-488-931-9001";"Ambur";"Lindon";"Philimore"
"+351-613-470-0171";"Marjory";"Weston";"Lympany"
"+86-179-288-8914";"Dulciana";"Sapphire";"Glaisner"
"+63-346-125-3658";"Nester";"Twila";"Medforth"
"+98-925-308-6334";"Joby";"Junia";"Perkis"
"+81-856-834-5961";"Lorianna";"Brendan";"Tash"
"+62-230-632-6059";"Stavro";"Heywood";"Bonney"
"+992-715-835-1294";"Yoshi";"Garrik";"Backen"
"+55-785-227-3235";"Sean";"Deane";"Southerell"
"+63-103-953-1418";"Carine";"Lotta";"Ransome"
"+62-156-142-3032";"Cale";"Alidia";"Lickess"
"+593-866-478-5360";"Frederico";"Wynn";"Volleth"
"+52-120-700-6444";"Dona";"Gabey";"Kenryd"
"+55-241-334-6863";"Gordie";"Aime";"Pahler"
"+63-908-238-2107";"Sherline";"Griselda";"Worgan"
"+33-871-260-0933";"Trescha";"Orion";"Aspray"
"+358-242-188-6226";"Kimmie";"Raphael";"Conibear"
"+58-949-950-4880";"Birgit";"Molli";"Parley"
"+387-124-364-7564";"Nevins";"Willette";"Spraggs"
"+62-969-781-9525";"Georgie";"Anatole";"Dods"
"+234-876-924-9414";"Melisa";"Yvor";"Ogger"
"+86-911-374-4777";"Teddie";"Gerhard";"Spiers"
"+55-345-521-2247";"Porter";"Benoite";"Cheverell"
"+86-561-696-0461";"Romain";"Janot";"Ghidelli"
"+62-831-937-9195";"Cinnamon";"Celine";"Kuhl"
"+86-858-369-2097";"Charline";"Helge";"Tivenan"
"+7-888-651-6821";"Alvin";"Fredi";"Crowhurst"
"+86-803-819-0944";"Padget";"Geno";"Ody"
"+86-462-437-1253";"Conney";"Coleman";"Mallabar"
"+86-255-298-0068";"Anallese";"Claretta";"Hazel"
"+351-447-274-1227";"Martyn";"Harley";"Adamski"
"+52-135-637-6813";"George";"Claudina";"Lomasna"
"+380-313-484-1896";"Fitzgerald";"Joyous";"Sauvage"
"+351-235-556-7272";"Amil";"Quintin";"Porteous"
"+52-387-138-8992";"Laura";"Ellie";"Regnard"
"+86-944-414-9230";"Lyell";"Nicholas";"Boleyn"
"+86-638-949-6199";"Alameda";"Fabien";"Wimmers"
"+54-119-462-5052";"Nikita";"Janos";"Bursnoll"
"+55-998-510-6032";"Harwilll";"Misty";"Mabee"
"+66-990-224-6753";"Tawnya";"Rhona";"Shalders"
"+46-829-283-3399";"Mureil";"Binnie";"Giffkins"
"+261-256-877-9164";"Selestina";"Adah";"Brunon"
"+7-216-622-3471";"Candy";"Darius";"Crosscombe"
"+81-463-496-6867";"Brook";"Rowland";"Sperrett"
"+33-517-632-9714";"Sutherlan";"Susanna";"Fattorini"
"+7-253-628-0394";"Jeanelle";"Zarah";"Syers"
"+62-258-706-8908";"Rosaline";"Nady";"Gogarty"
"+63-142-115-8064";"Lesya";"Valerie";"Kinnar"
"+52-797-602-3457";"Vina";"Liva";"Plank"
"+86-510-621-9127";"Chico";"Rora";"Copas"
"+1-208-484-2387";"Nikolai";"Tabby";"Oliveti"
"+48-794-775-2138";"Nollie";"Angie";"Giddy"
"+389-410-626-8160";"Haleigh";"Dasya";"Garmons"
"+54-555-390-1109";"Alfons";"Hadria";"Pifford"
"+380-714-380-0655";"Wyatt";"Aleece";"Robichon"
"+30-140-713-6268";"Brandea";"Hadria";"Tortis"
"+94-850-552-9242";"Justino";"Courtnay";"Cowern"
"+63-205-460-8347";"Norby";"Jasmina";"Bartocci"
"+62-233-112-0350";"Gabriele";"Jillene";"Batterton"
"+86-772-612-9189";"Erek";"Alexandrina";"Braddock"
"+380-568-794-3939";"Dennie";"Erena";"McKmurrie"
"+84-641-195-4549";"Pepi";"Krystal";"Hamflett"
"+351-294-449-9162";"Othilia";"Lyell";"Camili"
"+48-923-190-1903";"Arie";"Filia";"Kempston"
"+967-121-377-7128";"Danyette";"Anya";"Riddoch"
"+371-672-489-8159";"Kimberly";"Reynard";"Denley"
"+359-276-628-2844";"Brooke";"Clive";"Kitteringham"
"+84-482-273-1866";"Victoir";"Marianne";"Grishankov"
"+351-567-244-7437";"Stanley";"Heindrick";"Hessentaler"
"+86-709-256-2795";"Fanya";"Garald";"Gieraths"
"+33-437-166-0197";"Dominik";"Davie";"Supple"
"+1-702-244-6278";"Gates";"Sergei";"Woodfine"
"+1-528-853-4841";"Alleyn";"Ari";"Puttrell"
"+264-578-304-1174";"Raffarty";"Bamby";"Carss"
"+54-594-572-6458";"Marla";"Danila";"Boustred"
"+55-868-108-8239";"Marius";"Hannis";"Chettle"
"+86-228-715-7893";"Gallard";"Tasia";"Gumley"
"+234-889-163-8267";"Jenifer";"Merell";"Starton"
"+63-729-282-1707";"Ailbert";"Erroll";"Ionnisian"
"+98-349-810-0918";"Crin";"Noak";"Dyet"
"+7-624-730-6752";"Maribelle";"Michele";"Jones"
"+63-128-286-0952";"Howie";"Laural";"Billitteri"
"+62-690-574-1814";"Costa";"Nataniel";"Fanthom"
"+62-128-525-8147";"Nickola";"Joice";"McMillian"
"+1-451-896-3288";"Neille";"Florina";"Rex"
"+33-831-248-5257";"Nichole";"Lindsey";"Seares"
"+81-742-986-9993";"Dacia";"Ilyssa";"Maddox"
"+375-926-306-3129";"Eba";"Kile";"Hugenin"
"+62-558-130-7545";"Tracey";"Noni";"Accomb"
"+33-260-132-0098";"Zeke";"Ailis";"Corry"
"+351-274-759-9042";"Janina";"Guillema";"Lay"
"+30-852-289-5845";"Norbie";"Carver";"Mearns"
"+62-679-814-1705";"Syd";"Caesar";"Signe"
"+62-219-580-2703";"Nick";"Sigfried";"Sutor"
"+86-379-628-5274";"Mercie";"Broderick";"Wattins"
"+375-540-179-0110";"Fidole";"Veronika";"Fryatt"
"+33-127-908-6980";"Roderic";"Beckie";"Doole"
"+7-727-695-2762";"Marilin";"Adrienne";"Dombrell"
"+996-346-298-0802";"Daniele";"Jessamine";"Skally"
"+62-321-260-9788";"Ulrick";"Horatius";"Kohen"
"+996-948-856-8169";"Karney";"Prudy";"Carneck"
"+66-978-840-1579";"Mycah";"Derick";"Fassman"
"+86-923-521-0439";"Beau";"Agnola";"Fairhurst"
"+593-957-185-1502";"Gilemette";"Cecilla";"Kabisch"
"+234-352-874-5890";"Edwina";"Cornall";"Kiezler"
"+48-790-189-5090";"Dicky";"Berky";"Driussi"
"+62-890-924-0461";"Wang";"Clarissa";"Presnell"
"+63-917-297-2514";"Spenser";"Wallis";"Dudden"
"+49-427-942-4988";"Abrahan";"Temple";"Gawne"
"+380-307-592-8733";"Silvano";"Bryanty";"Beri"
"+505-107-480-7613";"Cristobal";"Jeanna";"Thirkettle"
"+30-847-240-1405";"Robbyn";"Ardeen";"Kinson"
"+1-219-879-8388";"Orin";"Jandy";"Camilletti"
"+970-967-676-5678";"Heda";"Darin";"Coite"
"+86-397-861-5818";"Anastasie";"Joli";"Keggin"
"+1-445-579-5529";"Agosto";"Joseph";"Shillabeare"
"+7-388-249-9101";"Malory";"Alanna";"Dilloway"
"+46-771-667-3146";"Estrella";"Jody";"Hallifax"
"+66-149-545-6275";"Payton";"Adara";"Syred"
"+63-291-770-1041";"Titos";"Halsey";"Ensley"
"+352-976-801-9683";"Guillema";"Boone";"Labuschagne"
"+81-631-202-5202";"Dominica";"Cecil";"Borgnet"
"+86-129-228-9760";"Toinette";"Bo";"Bloschke"
"+62-472-897-2107";"Saree";"Dag";"Necolds"
"+976-260-443-4738";"Shirleen";"Genovera";"Blankhorn"
"+62-538-531-8397";"Jude";"Haven";"de Pinna"
"+351-324-105-1989";"August";"Giselbert";"Ruller"
"+62-645-521-0130";"Kippy";"Leia";"Bonett"
"+55-144-179-7979";"Avis";"Vern";"Howison"
"+62-958-802-8659";"Aggie";"Alaine";"Sofe"
"+506-187-862-3075";"Garwin";"Minni";"Hoggin"
"+7-462-296-7197";"Nolly";"Raimund";"Ferrand"
"+504-348-814-4024";"Edin";"Lelia";"Bodicam"
"+81-112-527-8013";"Boigie";"Heidi";"Muller"
"+33-566-816-1313";"Osbourne";"Fons";"Barhems"
"+52-227-250-9721";"Zandra";"Elle";"Mouland"
"+81-288-907-0998";"Morgan";"Merilee";"O'Dreain"
"+591-595-954-9243";"Sayres";"Jeralee";"Cansdell"
"+30-300-158-5931";"Teirtza";"Kristin";"Carruth"
"+54-754-679-9203";"Judd";"Eileen";"Plett"
"+86-214-683-4125";"Deirdre";"Larry";"Karim"
"+251-741-956-4905";"Demott";"Loraine";"McIan"
"+1-801-425-1548";"Dave";"Tiffie";"Schimoni"
"+86-374-306-0645";"Moyna";"Wayne";"Dickerson"
"+33-842-121-5911";"Cindelyn";"Fax";"Althorpe"
"+254-921-438-8839";"Jourdan";"Mandel";"Chaim"
"+48-295-720-1563";"Wendie";"Ian";"Cawkill"
"+62-599-206-3911";"Kameko";"Gearard";"Bollam"
"+81-685-203-8985";"Toinette";"Aimil";"Galego"
"+81-365-506-2065";"Reinhard";"Zita";"Speller"
"+63-381-172-8557";"Melina";"Saunder";"Wakelin"
"+86-265-118-7021";"Juliet";"Ashton";"Jelley"
"+86-939-491-8507";"Merlina";"Blythe";"Livett"
"+234-710-802-7123";"Natty";"Laurene";"Fursey"
"+7-728-984-5837";"Genni";"Violante";"Maulden"
"+46-517-599-0618";"Sadye";"Dwain";"Lineham"
"+7-436-240-8282";"Maurise";"Hammad";"Padrick"
"+86-828-312-9695";"Hamilton";"Freddy";"de Grey"
"+359-715-623-0596";"Marlie";"Ricky";"Garioch"
"+86-984-855-9131";"Arlie";"Bill";"Houlison"
"+49-732-287-4483";"Nyssa";"Halimeda";"Baal"
"+260-562-126-5188";"Ely";"Hilly";"Gilffilland"
"+33-810-257-1102";"Jonah";"Dag";"Grooby"
"+351-968-911-6617";"Queenie";"Jackie";"Pedrielli"
"+86-123-549-0935";"Cleon";"Haroun";"Noell"
"+51-943-998-0715";"Rafaello";"Jewelle";"Cornilleau"
"+86-177-635-6381";"Creigh";"Jenine";"Brownstein"
"+46-129-331-3788";"Edgard";"Stacy";"Tyrer"
"+63-971-985-1469";"Joyce";"Patricio";"Swetland"
"+86-144-586-0698";"Brod";"Papageno";"De Gregorio"
"+86-505-100-7282";"Desmond";"Betti";"Haffner"
"+62-650-904-1519";"Gardener";"Russ";"Gibbett"
"+995-224-938-4372";"Margit";"Ayn";"Galero"
"+55-832-538-6287";"Tine";"Urson";"Tristram"
"+33-304-399-0575";"Kelley";"Yoshi";"Field"
"+62-411-539-1536";"Marcos";"Jillene";"Stoodale"
"+54-550-590-7603";"Sallie";"Jed";"Venables"
"+81-972-943-2327";"Jock";"Nola";"Moodie"
"+48-551-348-8026";"Elly";"Forester";"Mauger"
"+380-740-911-8281";"Lyndsie";"Luella";"Odger"
"+60-913-255-7315";"Daryl";"Magdalen";"O'Connel"
"+355-890-404-9736";"Winthrop";"Mort";"Stockbridge"
"+33-522-898-9153";"Cherry";"Jeremiah";"Gopsill"
"+380-359-863-3418";"Olivette";"Betty";"Stoller"
"+86-507-623-6478";"Kele";"Cally";"Schrieves"
"+506-948-725-6833";"Darlleen";"Jena";"Vedishchev"
"+964-788-982-8461";"Conny";"Vanda";"Ibbison"
"+48-242-706-4380";"Imogen";"Codie";"Waddie"
"+387-344-930-5850";"Wadsworth";"West";"Dinzey"
"+63-491-528-9128";"Alwin";"Teodoro";"Lambrick"
"+507-365-958-4708";"Helge";"Marney";"Ghioni"
"+48-895-622-4949";"Chloette";"Sampson";"Meineken"
"+33-617-692-5510";"Hilton";"Ashley";"Buckel"
"+380-672-373-7407";"Corrine";"Nick";"Demaine"
"+86-985-223-2883";"Jamesy";"Tammy";"McVitie"
"+381-256-942-7525";"Dannie";"Berta";"Jee"
"+33-413-280-7557";"Vincents";"Harp";"Barrow"
"+48-700-290-3482";"Kerry";"Josephina";"Bolan"
"+62-123-362-9903";"Spencer";"Geri";"Wilfinger"
"+225-149-188-8500";"Erik";"Orazio";"Illing"
"+351-547-661-5196";"Kellina";"Teddie";"Cronshaw"
"+380-175-704-1997";"Tandy";"Ainslie";"Steffans"
"+46-719-564-9432";"Abrahan";"Fredra";"Callen"
"+63-430-303-1071";"Windy";"Sander";"Najara"
"+62-569-428-8945";"Lynde";"Nollie";"Myrtle"
"+33-311-933-8389";"Christophe";"Nannette";"Grindle"
"+86-540-175-5048";"Pebrook";"Temple";"Easeman"
"+380-621-733-5535";"Ruprecht";"Anya";"Vanne"
"+86-965-288-3660";"Austine";"Puff";"Breed"
"+886-624-460-9397";"Murial";"Adelbert";"Yurikov"
"+504-599-972-6269";"Brew";"Thalia";"Prior"
"+976-325-324-1247";"Holden";"Waring";"Whillock"
"+355-562-235-1398";"Lorette";"Brenna";"Pimlett"
"+55-190-997-7108";"Alric";"Kalvin";"Mealing"
"+7-768-958-0977";"Prinz";"Clarette";"Cradey"
"+86-169-174-6710";"Goddart";"Cam";"Waliszewski"
"+963-704-747-7578";"Cole";"Crista";"Hunt"
"+372-786-418-2144";"Millisent";"Domenic";"Ashborn"
"+965-862-475-4640";"Jannel";"Corene";"Claw"
"+420-463-987-9993";"Arliene";"Midge";"Menham"
"+51-523-654-6895";"Dorotea";"Hunt";"Dunstone"
"+49-336-650-4541";"Jennilee";"Loree";"Ulyat"
"+62-542-733-8498";"Sibeal";"Kristofer";"Edgson"
"+33-174-867-7473";"Ezri";"Willey";"Stoad"
"+51-924-320-0330";"Sheffield";"Hedvige";"Dowry"
"+48-732-444-6541";"Chadd";"Pierre";"Crix"
"+387-105-870-0939";"Patti";"Durward";"Kaufman"
"+261-559-442-5025";"Kingsly";"Chase";"Dumbelton"
"+57-654-523-8134";"Corene";"Evey";"Rope"
"+597-920-798-1634";"Tyson";"Alexei";"Argontt"
"+81-637-541-2314";"Rhianon";"Crysta";"Purshouse"
"+39-310-953-7149";"Tully";"Oliy";"Benka"
"+51-123-882-8502";"Lucy";"Rafael";"Barbier"
"+62-889-509-6371";"Emmanuel";"Phillis";"McMillan"
"+241-217-851-2143";"Geneva";"Iseabal";"Lytell"
"+61-616-625-3555";"Olympie";"Margot";"Tweedle"
"+95-513-363-7593";"Rorie";"Emilee";"De Angelis"
"+55-830-189-2871";"Donovan";"Andros";"Keneleyside"
"+54-485-923-7908";"Conrad";"Becki";"Rankmore"
"+1-719-916-7743";"Krystyna";"Charley";"Sirl"
"+57-725-813-7584";"Lanna";"Brigida";"Coburn"
"+7-266-848-8047";"Abel";"Julius";"Hurdedge"
"+86-375-681-1478";"Isis";"Edlin";"Manneville"
"+967-410-140-6859";"Camellia";"Ricca";"Goldin"
"+389-655-155-3836";"Garald";"Derby";"Stutard"
"+86-142-531-9918";"Rodolfo";"Ardis";"Gittings"
"+98-611-560-0922";"Piotr";"Horatio";"Grubb"
"+965-773-427-6731";"Abbey";"Lou";"Jerman"
"+380-133-547-3132";"Arnaldo";"Jasmina";"Dallison"
"+86-474-133-9130";"Lauren";"Lurline";"Bruck"
"+46-402-505-6520";"Netta";"Vilhelmina";"Ondrusek"
"+7-789-684-9455";"Roland";"Gina";"Jeavon"
"+7-718-873-5939";"Lorianne";"Alaric";"Husselbee"
"+81-963-400-1366";"Bess";"Sadella";"Pieroni"
"+420-343-425-3673";"Nike";"Ed";"Wimms"
"+86-766-298-1942";"Vivien";"Afton";"Cardno"
"+48-157-806-9303";"Hamnet";"Ky";"Luckham"
"+86-691-627-6001";"Dwayne";"Cynthea";"Devlin"
"+48-256-620-2069";"Xavier";"Dona";"Austwick"
"+7-539-322-1907";"Candice";"Bobbye";"Ierland"
"+86-390-466-5430";"Ker";"Chrisy";"Redmire"
"+86-596-623-8438";"Daron";"Joachim";"Delwater"
"+57-647-305-0471";"Jereme";"Clemente";"Graver"
"+7-316-340-4414";"Minetta";"Mirabella";"De Bernardis"
"+20-386-746-8014";"Aurelie";"Jacinta";"Vearnals"
"+1-812-962-8304";"Jackie";"Travers";"O'Kelly"
"+380-534-684-5311";"Lea";"Odey";"Heisman"
"+86-675-470-2549";"Kally";"Jennifer";"Garrick"
"+86-524-985-5313";"Gerry";"Wolfy";"Risdale"
"+51-322-852-5786";"Wenona";"Eryn";"Levet"
"+52-409-110-7447";"Parry";"Dmitri";"Stirtle"
"+86-631-408-4714";"Minnaminnie";"Farrell";"Battyll"
"+86-129-471-0396";"Colby";"Lucretia";"Spare"
"+1-909-816-0787";"Gunilla";"Arnold";"Claessens"
"+86-169-170-4047";"Jerrilee";"Cathie";"Castanyer"
"+234-860-235-6964";"Terza";"Alta";"Thominga"
"+33-616-463-8153";"Kingsley";"Kristy";"Sands"
"+48-449-951-1911";"Binnie";"Annaliese";"Androsik"
"+63-438-986-1954";"Hubie";"Jo";"Devereux"
"+967-715-503-8575";"Filide";"Terrill";"Harlick"
"+63-200-991-5286";"Mayor";"Urbano";"Wayon"
"+33-465-310-3050";"Hunt";"Tailor";"Yusupov"
"+62-150-416-1039";"Staford";"Franky";"Othick"
"+62-716-310-6793";"Kerianne";"Eric";"Stefi"
"+86-579-694-3409";"Ynes";"Ruperta";"O'Hallagan"
"+62-598-575-9671";"Averil";"Arlee";"MacUchadair"
"+52-619-872-6629";"Elbert";"Dusty";"Gordon-Giles"
"+86-929-159-6110";"Clarke";"Shaun";"Leaf"
"+52-955-725-4171";"Kandace";"Ania";"Mitchiner"
"+62-210-299-8968";"Gleda";"Edie";"Olczyk"
"+46-842-723-3156";"Irena";"Mella";"Fairbourne"
"+39-155-675-1604";"Jarvis";"Beauregard";"Selbach"
"+963-495-268-6398";"Yanaton";"Belvia";"Axcel"
"+33-332-364-4030";"Antony";"Louisette";"Brittian"
"+994-564-315-2311";"Sawyere";"Oralla";"Lace"
"+86-963-872-5948";"Haydon";"Vivyan";"Sepey"
"+86-251-248-7275";"Edmon";"Mechelle";"Tadgell"
"+86-511-429-5170";"Ashley";"Wrennie";"Verrechia"
"+591-953-901-4884";"Licha";"Kendall";"Drinkhill"
"+33-120-140-0411";"Fayth";"Agathe";"Cowdry"
"+55-477-859-1411";"Donetta";"Kessiah";"Grigoliis"
"+62-365-790-6187";"Derby";"Wyn";"Sedgebeer"
"+62-260-989-2273";"Cynthie";"Mitchell";"Summerlee"
"+86-270-155-0112";"Abram";"Shandee";"McIntee"
"+86-123-745-3934";"Neil";"Etta";"McGlue"
"+63-427-944-4319";"Rici";"Patrizia";"Buttler"
"+86-259-276-0718";"Julie";"Leia";"Hynes"
"+86-808-861-3483";"Milissent";"Lexis";"Vel"
"+1-330-947-7746";"Rey";"Budd";"Ferrettini"
"+358-734-677-6572";"Krishnah";"Marion";"Claffey"
"+48-774-439-7868";"Griz";"Patsy";"Barkley"
"+62-557-760-8664";"Kermit";"Brnaba";"Fiorentino"
"+86-808-289-0282";"Julianna";"Lammond";"Breitler"
"+30-765-394-3487";"Mathian";"Sly";"Thredder"
"+66-503-846-3077";"Kenna";"Sanford";"Bertrand"
"+54-527-271-2927";"Jeniffer";"Liz";"Gimert"
"+7-926-962-5576";"Vivia";"Federico";"McQuillin"
"+687-312-594-7174";"Sharleen";"Frank";"Petrushanko"
"+380-661-385-3601";"Yuma";"Barrie";"Burkett"
"+62-991-482-4029";"Jase";"Fania";"Cridlin"
"+62-206-986-1435";"Louisa";"Carrie";"Leall"
"+63-697-391-1784";"Dari";"Felicio";"Hulse"
"+55-451-159-3282";"Gilberto";"Abran";"Kiebes"
"+62-499-548-0515";"Ginevra";"Beatrisa";"Caldecott"
"+62-793-831-0756";"Lynsey";"Hannis";"Batch"
"+260-139-427-9237";"Grace";"Dick";"MacGettigen"
"+54-239-144-7761";"Anatola";"Belita";"Hacaud"
"+264-672-413-9784";"Stu";"Duffy";"Blackadder"
"+92-281-642-6087";"Denyse";"Tedra";"Kumar"
"+30-265-712-8197";"Todd";"Grant";"Minette"
"+62-263-628-3934";"Arlee";"Gardiner";"Peckett"
"+263-936-792-1699";"Munroe";"Micaela";"Absolem"
