id_guardians,id_patients,guardian_reletionship
1125,233,
1318,389,
1215,109,
672,1414,
1012,936,
241,176,
1145,713,
358,344,
1286,74,
235,1795,
1064,1199,
1413,1480,
120,46,
386,230,
990,1670,
1670,1038,
334,1761,
554,1135,
1023,284,
1013,1539,
1530,228,
1312,1204,
263,870,
189,815,
1612,147,
210,170,
788,1358,
657,1725,
619,1637,
279,1179,
1523,451,
433,1141,
1065,1003,
1641,1183,
169,1022,
1121,1012,
861,496,
275,846,
1687,219,
1227,1050,
1657,1371,
418,853,
1469,1509,
259,776,
1114,628,
525,1186,
14,1633,
25,1088,
1594,180,
148,1059,
1028,805,
655,599,
826,998,
1108,302,
1093,1611,
47,410,
419,1029,
1322,162,
43,1380,
1472,1356,
754,875,
79,1340,
507,1734,
1008,1028,
480,986,
1051,1517,
80,177,
32,861,
725,1618,
36,481,
411,1756,
1483,1302,
591,124,
776,785,
321,1663,
1055,224,
508,592,
315,162,
736,1115,
101,891,
1790,90,
1622,117,
569,329,
340,251,
1007,470,
1236,225,
1353,1000,
955,797,
1191,576,
759,392,
968,232,
716,616,
1730,837,
1019,1287,
1662,1669,
135,1410,
1526,945,
491,330,
144,1376,
742,271,
1584,534,
1578,1651,
436,839,
670,1307,
1437,1318,
770,169,
366,1509,
1722,1567,
1174,1015,
186,1532,
1110,852,
389,1137,
345,1626,
498,418,
518,634,
662,1615,
1633,497,
608,444,
454,865,
189,901,
177,1511,
1650,354,
908,1765,
1054,27,
1022,724,
956,929,
1200,1010,
960,741,
154,450,
1315,610,
351,261,
799,812,
665,955,
335,1668,
910,1288,
1122,318,
835,1084,
1365,1399,
1002,45,
239,379,
582,480,
1195,1594,
1478,1533,
424,633,
1336,1667,
299,14,
1349,1379,
559,1715,
722,847,
1488,1752,
1439,1185,
917,1534,
1401,647,
103,125,
1444,1361,
1539,119,
220,946,
38,1670,
865,1004,
1134,932,
540,1501,
341,1043,
998,1118,
769,1256,
535,1450,
686,164,
356,286,
739,1196,
1363,1461,
202,841,
1439,309,
989,1775,
138,190,
1593,413,
1351,689,
859,1517,
1513,566,
1221,1737,
853,1674,
545,293,
1678,647,
1390,1794,
684,1384,
1562,1733,
216,641,
317,1204,
812,303,
1292,241,
522,366,
915,818,
1324,366,
1704,1646,
600,969,
450,1589,
865,801,
352,1489,
925,1709,
962,802,
719,995,
1100,553,
427,1659,
206,719,
382,1455,
715,1220,
1074,990,
1225,497,
769,1527,
768,1322,
742,1543,
1203,1514,
943,1773,
878,1214,
298,627,
288,902,
1140,499,
1322,1327,
1065,371,
401,1464,
169,994,
1274,944,
264,1030,
525,1674,
1376,1655,
730,1198,
951,1440,
69,975,
1591,1385,
1409,454,
791,791,
431,1554,
1177,1612,
90,584,
1468,1697,
1232,407,
1135,1103,
1162,1548,
279,269,
1260,1713,
1257,1004,
1638,443,
1697,889,
1751,1499,
439,356,
1536,1479,
762,1747,
683,1177,
573,1519,
1566,452,
950,1740,
216,1478,
432,333,
72,1647,
288,321,
705,1332,
135,1496,
996,1587,
953,1787,
1657,298,
1661,391,
155,1121,
171,1552,
1445,1188,
429,1784,
984,559,
502,818,
772,1317,
797,169,
20,1373,
826,113,
1220,127,
1451,213,
1353,1065,
760,896,
234,585,
1662,1278,
590,569,
1595,895,
1316,680,
687,684,
1227,303,
1137,155,
839,1117,
733,1479,
799,793,
1777,293,
1271,1558,
970,37,
1469,1757,
208,389,
437,1333,
1560,409,
697,1023,
237,213,
1521,1702,
652,1140,
695,152,
685,927,
790,1305,
1174,246,
341,1081,
106,1241,
608,1378,
17,832,
1398,1568,
1225,1359,
481,308,
256,1694,
543,738,
1257,1615,
890,529,
1757,896,
150,647,
1397,1128,
882,53,
1046,174,
593,1762,
57,1156,
1237,329,
1600,1119,
1016,1204,
614,1753,
487,1093,
668,397,
1696,791,
393,62,
57,1358,
1155,1612,
1123,1009,
1100,1761,
1780,689,
1749,1355,
531,1060,
775,518,
260,899,
467,224,
937,148,
609,1485,
1715,14,
419,856,
1778,1009,
1231,101,
1459,993,
126,1035,
616,245,
43,237,
1028,1639,
1138,336,
1255,1058,
1232,1226,
328,159,
147,806,
334,179,
925,1708,
758,1470,
1696,1119,
600,253,
1782,781,
1257,1658,
1696,1337,
944,1540,
1702,24,
866,239,
995,1097,
810,283,
240,666,
581,992,
538,1628,
872,435,
1567,1289,
78,217,
286,946,
348,723,
1436,785,
1656,367,
879,1396,
1162,1694,
292,587,
257,132,
1740,104,
983,1627,
908,485,
1239,1040,
547,1408,
1515,163,
1708,832,
100,416,
1269,736,
1264,765,
1475,152,
603,220,
1240,453,
1203,643,
1304,687,
709,1751,
1381,749,
494,1473,
316,250,
1109,1601,
1506,1108,
186,37,
1070,1503,
458,57,
1306,755,
434,1356,
1123,1292,
456,1597,
1300,773,
397,464,
1081,606,
1536,1660,
708,1563,
582,968,
347,427,
110,1029,
1426,1462,
1059,377,
1766,575,
950,1537,
1794,1156,
1137,558,
262,1153,
637,99,
303,697,
182,1342,
1653,654,
529,910,
1372,326,
1129,1306,
930,1289,
1509,889,
655,1205,
1729,1460,
242,89,
1630,734,
1622,659,
470,1724,
1269,987,
1407,1355,
935,493,
675,1449,
254,567,
1175,782,
942,159,
805,1450,
1246,1444,
617,514,
1447,257,
1703,857,
1223,977,
1656,223,
867,1248,
1520,1003,
194,605,
1440,394,
718,1573,
380,446,
624,69,
644,97,
40,957,
527,93,
1083,189,
1287,188,
52,1755,
287,1021,
1084,560,
142,1758,
637,461,
592,806,
847,182,
597,347,
518,421,
742,1473,
1073,180,
1690,1387,
1413,1615,
826,275,
459,1572,
940,688,
1760,1341,
961,239,
327,429,
1109,168,
1440,422,
1608,172,
1277,1638,
1050,1658,
370,189,
1375,672,
1247,1614,
914,1671,
74,700,
1408,1268,
1533,1666,
1308,865,
1321,1704,
845,1306,
1020,368,
30,98,
1111,583,
42,661,
371,1528,
119,1574,
575,968,
1705,280,
206,278,
1240,155,
436,1090,
174,1426,
821,1641,
435,1574,
913,753,
651,1373,
803,1544,
647,11,
169,1286,
1361,673,
1581,263,
1309,346,
590,1634,
703,574,
1761,1038,
668,1053,
473,699,
879,1730,
203,403,
1077,1269,
158,268,
1547,1418,
887,546,
780,831,
331,1703,
120,719,
716,577,
373,182,
1580,1628,
846,987,
948,1660,
1613,1675,
94,1397,
909,113,
674,717,
1608,1566,
219,101,
525,1323,
516,1690,
1258,54,
863,1671,
253,67,
927,1749,
346,1696,
336,706,
159,374,
1357,100,
331,297,
454,1671,
1333,1289,
1437,677,
167,1414,
105,354,
510,625,
61,849,
1466,1689,
379,801,
133,1076,
1417,1556,
758,145,
1061,1012,
1577,1767,
567,1243,
218,128,
1569,238,
879,644,
367,1769,
416,195,
1514,638,
1762,582,
1249,1520,
1644,1286,
1039,269,
1795,565,
1766,1055,
679,698,
923,1198,
238,434,
900,199,
856,661,
145,391,
856,1623,
1770,832,
1332,410,
395,1738,
1362,789,
1593,185,
696,1340,
1167,300,
737,308,
1248,1453,
162,523,
1359,190,
1520,969,
1540,1782,Conflict Resolution
1324,1582,Conflict Resolution
447,867,Communication
31,1315,Leadership
737,1394,Adaptability
38,1493,Teamwork
904,748,Learning
697,1066,Communication
1261,558,Conflict Resolution
492,238,Leadership
274,1589,Conflict Resolution
373,670,Learning
653,47,Self-motivation
493,1538,Teamwork
676,1146,Decision Making
530,1370,Teamwork
1283,134,Decision Making
1469,1086,Decision Making
467,853,Decision Making
494,72,Self-motivation
1697,1755,Communication
341,1557,Work Under Pressure
905,374,Decision Making
1567,1184,Work Under Pressure
693,421,Self-motivation
683,30,Teamwork
1624,741,Self-motivation
1358,1008,Adaptability
1311,604,Learning
339,1705,Work Under Pressure
1486,168,Teamwork
1772,596,Work Under Pressure
999,345,Time Management
1059,1424,Self-motivation
930,1515,Decision Making
1174,785,Communication
1572,1584,Decision Making
805,670,Conflict Resolution
56,348,Decision Making
534,829,Self-motivation
1022,575,Learning
917,91,Self-motivation
1481,720,Teamwork
1227,1483,Work Under Pressure
341,575,Conflict Resolution
1780,438,Time Management
1164,146,Work Under Pressure
1638,567,Adaptability
794,690,Time Management
653,1726,Leadership
836,474,Time Management
435,46,Decision Making
548,22,Time Management
1524,1493,Adaptability
850,355,Adaptability
1146,474,Adaptability
23,75,Teamwork
1263,1169,Communication
1143,1183,Adaptability
347,132,Conflict Resolution
1526,838,Decision Making
1376,400,Self-motivation
179,1706,Learning
268,1242,Learning
1658,1439,Learning
1554,798,Leadership
30,1447,Leadership
1204,639,Teamwork
348,1372,Conflict Resolution
632,1092,Communication
850,210,Teamwork
242,1798,Communication
1080,1273,Teamwork
891,976,Communication
1365,1555,Communication
1293,1404,Work Under Pressure
249,1388,Learning
1596,326,Learning
985,331,Leadership
933,1038,Decision Making
1713,1346,Communication
1676,1218,Self-motivation
535,1425,Time Management
1588,484,Time Management
267,939,Learning
1458,1639,Decision Making
1038,854,Teamwork
1374,393,Work Under Pressure
277,1053,Teamwork
1214,1057,Work Under Pressure
466,156,Leadership
937,977,Time Management
1743,1488,Leadership
1390,767,Teamwork
98,460,Self-motivation
870,1339,Conflict Resolution
14,1326,Learning
1124,1695,Leadership
859,348,Self-motivation
920,1409,Adaptability
1157,1121,Learning
1764,1131,Leadership
1090,1130,Teamwork
850,1514,Adaptability
546,1447,Adaptability
1789,1286,Teamwork
598,1206,Work Under Pressure
507,1210,Work Under Pressure
994,1142,Leadership
60,87,Communication
476,832,Adaptability
182,243,Work Under Pressure
1410,134,Conflict Resolution
585,1579,Leadership
1225,963,Work Under Pressure
341,588,Leadership
106,869,Decision Making
1030,332,Leadership
461,660,Teamwork
647,779,Teamwork
88,1039,Self-motivation
1132,383,Communication
81,374,Conflict Resolution
450,388,Conflict Resolution
613,23,Time Management
1304,1081,Leadership
1719,663,Communication
11,1753,Self-motivation
1576,1246,Learning
1677,1521,Time Management
1536,773,Conflict Resolution
1140,507,Communication
966,102,Communication
929,270,Leadership
844,1456,Learning
1500,427,Leadership
585,956,Time Management
1463,728,Adaptability
1235,86,Conflict Resolution
44,1356,Self-motivation
191,203,Communication
1631,713,Time Management
17,1273,Time Management
887,347,Self-motivation
1467,799,Learning
350,967,Leadership
536,85,Decision Making
201,1102,Communication
14,82,Adaptability
1037,1704,Learning
1263,932,Learning
1452,748,Adaptability
1370,1013,Decision Making
875,1493,Self-motivation
803,1497,Communication
398,1796,Teamwork
1523,895,Self-motivation
789,1307,Time Management
117,1790,Decision Making
88,1626,Communication
1370,779,Time Management
894,1423,Conflict Resolution
453,25,Adaptability
336,779,Teamwork
1354,1461,Learning
1675,1197,Time Management
1756,1415,Adaptability
126,1313,Decision Making
1311,484,Time Management
1064,1344,Decision Making
975,1292,Conflict Resolution
121,1305,Communication
1385,1709,Adaptability
1203,1745,Teamwork
1678,1197,Adaptability
965,1235,Teamwork
899,242,Communication
1296,132,Leadership
564,1253,Time Management
559,1382,Self-motivation
1590,1189,Learning
1102,1160,Time Management
576,1242,Adaptability
1468,300,Time Management
1330,563,Work Under Pressure
105,248,Adaptability
704,355,Self-motivation
1578,174,Conflict Resolution
166,1479,Conflict Resolution
976,1356,Adaptability
1257,836,Leadership
934,1412,Communication
1310,585,Adaptability
637,399,Teamwork
1489,1231,Teamwork
1113,1765,Time Management
549,468,Self-motivation
1149,1654,Self-motivation
1700,22,Self-motivation
1169,946,Work Under Pressure
127,1400,Teamwork
114,221,Time Management
962,405,Self-motivation
914,595,Work Under Pressure
88,76,Teamwork
1056,98,Decision Making
1169,852,Work Under Pressure
1600,436,Decision Making
845,117,Self-motivation
1098,1034,Time Management
1340,150,Time Management
366,519,Decision Making
116,1384,Self-motivation
488,160,Time Management
428,1435,Teamwork
1353,1070,Work Under Pressure
1080,653,Teamwork
292,1799,Adaptability
1767,327,Self-motivation
797,1069,Adaptability
292,1663,Conflict Resolution
1351,1374,Learning
33,1522,Time Management
967,949,Learning
1522,691,Communication
153,1182,Decision Making
1025,1292,Decision Making
1193,27,Learning
1475,1057,Adaptability
1345,398,Leadership
1625,1119,Leadership
916,205,Leadership
208,876,Adaptability
1228,1330,Time Management
240,123,Work Under Pressure
1220,570,Conflict Resolution
1202,1623,Self-motivation
181,1572,Work Under Pressure
1067,899,Teamwork
789,1675,Leadership
312,487,Conflict Resolution
1165,1141,Teamwork
198,615,Learning
414,1744,Leadership
740,1596,Teamwork
1298,962,Teamwork
688,264,Learning
834,153,Communication
1057,1453,Time Management
547,1648,Conflict Resolution
451,1219,Self-motivation
1544,925,Decision Making
224,875,Decision Making
1672,1032,Teamwork
631,797,Teamwork
638,1241,Teamwork
1615,1569,Teamwork
1741,111,Time Management
1628,1278,Leadership
569,117,Work Under Pressure
293,1450,Decision Making
1190,1762,Learning
1114,995,Communication
918,1083,Adaptability
932,815,Self-motivation
543,213,Conflict Resolution
695,429,Leadership
1371,732,Adaptability
1169,510,Conflict Resolution
1380,1716,Work Under Pressure
519,1455,Decision Making
1093,1388,Time Management
997,1240,Decision Making
1153,1324,Leadership
1104,706,Learning
1649,818,Conflict Resolution
398,1095,Self-motivation
987,1673,Work Under Pressure
1275,722,Decision Making
687,30,Conflict Resolution
1218,1533,Self-motivation
1034,409,Time Management
1128,1639,Conflict Resolution
1449,1345,Decision Making
331,1342,Decision Making
1767,276,Adaptability
1393,1320,Work Under Pressure
31,992,Communication
381,1331,Work Under Pressure
1079,1617,Communication
664,320,Conflict Resolution
1372,1735,Work Under Pressure
975,79,Leadership
866,530,Self-motivation
1669,748,Work Under Pressure
313,666,Leadership
593,1308,Learning
702,1093,Learning
1570,1197,Communication
458,663,Decision Making
1647,58,Adaptability
561,795,Self-motivation
1351,758,Time Management
1114,801,Leadership
1527,536,Decision Making
523,161,Leadership
881,78,Communication
1250,496,Leadership
229,1762,Self-motivation
720,1601,Communication
1048,526,Conflict Resolution
1229,1019,Learning
956,1118,Teamwork
524,761,Teamwork
734,1279,Learning
259,974,Communication
1510,1057,Self-motivation
307,1377,Communication
212,407,Time Management
1514,342,Decision Making
19,641,Self-motivation
869,75,Leadership
790,307,Time Management
328,1367,Decision Making
300,366,Conflict Resolution
767,525,Self-motivation
1601,1769,Decision Making
468,1009,Communication
1302,751,Self-motivation
631,1027,Communication
919,1241,Decision Making
930,514,Adaptability
760,1665,Conflict Resolution
242,1268,Communication
1049,1192,Work Under Pressure
212,17,Self-motivation
1278,1245,Teamwork
355,1713,Learning
45,1350,Time Management
412,1366,Conflict Resolution
1136,169,Self-motivation
704,1208,Adaptability
67,1169,Teamwork
997,16,Communication
1603,1368,Learning
130,1218,Work Under Pressure
863,1100,Decision Making
1727,1153,Work Under Pressure
741,574,Time Management
423,894,Self-motivation
498,357,Leadership
99,906,Conflict Resolution
1396,355,Teamwork
1365,154,Communication
1169,290,Conflict Resolution
1030,551,Leadership
1661,1715,Adaptability
1613,1349,Leadership
390,1208,Decision Making
1299,1763,Communication
606,1443,Leadership
697,509,Work Under Pressure
362,1514,Learning
1201,534,Decision Making
1634,1298,Self-motivation
106,568,Decision Making
352,1510,Adaptability
984,561,Self-motivation
832,684,Decision Making
41,1508,Work Under Pressure
303,106,Learning
1148,768,Learning
372,481,Work Under Pressure
1580,678,Decision Making
1682,470,Conflict Resolution
1067,1779,Adaptability
1121,294,Communication
1743,956,Leadership
622,1422,Decision Making
1106,1664,Teamwork
659,330,Adaptability
774,907,Learning
492,496,Learning
454,1534,Adaptability
1091,572,Decision Making
995,1102,Adaptability
1587,1565,Communication
758,720,Conflict Resolution
857,359,Self-motivation
138,536,Conflict Resolution
1419,1065,Communication
1756,930,Leadership
830,917,Time Management
763,585,Time Management
1320,676,Communication
562,662,Learning
1220,1426,Leadership
800,1319,Adaptability
930,1701,Time Management
592,1716,Communication
1287,363,Teamwork
1193,834,Learning
1280,1135,Work Under Pressure
493,174,Leadership
538,833,Self-motivation
1211,1237,Adaptability
672,305,Work Under Pressure
566,717,Self-motivation
825,628,Work Under Pressure
516,835,Self-motivation
748,247,Self-motivation
815,1276,Leadership
1333,136,Teamwork
92,1082,Time Management
750,736,Conflict Resolution
145,272,Learning
920,1518,Learning
1366,1720,Time Management
860,730,Work Under Pressure
860,377,Leadership
731,773,Leadership
424,1545,Teamwork
994,1522,Time Management
767,1678,Conflict Resolution
211,590,Self-motivation
179,1615,Teamwork
1446,690,Leadership
1061,1396,Conflict Resolution
564,1182,Leadership
1378,1755,Communication
585,482,Work Under Pressure
1436,1160,Leadership
1027,336,Self-motivation
1335,951,Communication
938,162,Teamwork
1162,1164,Conflict Resolution
409,690,Self-motivation
1465,1214,Work Under Pressure
1649,1470,Conflict Resolution
992,1659,Learning
1409,1415,Work Under Pressure
810,191,Conflict Resolution
1352,575,Conflict Resolution
714,951,Time Management
799,121,Work Under Pressure
1617,132,Conflict Resolution
1276,1201,Adaptability
987,979,Self-motivation
1441,920,Self-motivation
80,1586,Work Under Pressure
941,45,Learning
628,1726,Time Management
782,137,Teamwork
444,1610,Communication
1710,1494,Work Under Pressure
1425,676,Conflict Resolution
1749,42,Time Management
1732,1516,Learning
354,431,Learning
502,1169,Self-motivation
147,1281,Decision Making
1539,1572,Self-motivation
822,180,Leadership
212,844,Teamwork
1273,841,Time Management
1229,1076,Time Management
1336,25,Leadership
1765,131,Work Under Pressure
151,1009,Leadership
18,283,Time Management
899,289,Decision Making
709,306,Leadership
1610,180,Teamwork
631,613,Learning
917,1546,Self-motivation
1353,469,Communication
877,925,Conflict Resolution
961,965,Conflict Resolution
826,182,Conflict Resolution
1034,1397,Communication
598,813,Teamwork
689,1113,Communication
1036,573,Learning
1061,1419,Self-motivation
1362,714,Conflict Resolution
1549,857,Learning
567,598,Communication
1443,941,Conflict Resolution
160,1737,Conflict Resolution
1413,1682,Adaptability
979,585,Communication
1158,43,Work Under Pressure
608,237,Learning
442,327,Teamwork
149,1615,Time Management
258,1399,Leadership
1743,1077,Conflict Resolution
785,476,Decision Making
33,954,Teamwork
549,539,Conflict Resolution
1240,1422,Communication
421,92,Decision Making
332,213,Communication
1410,950,Communication
1741,135,Leadership
654,1304,Conflict Resolution
1651,1701,Leadership
873,1470,Communication
808,204,Adaptability
1573,1134,Decision Making
1729,69,Work Under Pressure
1067,1001,Communication
1014,1528,Work Under Pressure
473,1726,Conflict Resolution
1379,342,Adaptability
505,843,Leadership
538,1179,Work Under Pressure
554,697,Communication
837,377,Teamwork
85,1412,Teamwork
733,559,Decision Making
1592,1480,Decision Making
931,684,Self-motivation
1376,1439,Work Under Pressure
1393,1187,Teamwork
952,1293,Conflict Resolution
488,313,Conflict Resolution
1568,1044,Teamwork
1238,1184,Conflict Resolution
869,239,Communication
752,938,Adaptability
1644,1539,Conflict Resolution
326,1587,Communication
1045,1374,Adaptability
1217,962,Work Under Pressure
1674,961,Time Management
663,1684,Decision Making
625,1397,Conflict Resolution
536,965,Time Management
923,363,Leadership
1520,72,Learning
310,634,Learning
1459,1548,Work Under Pressure
608,635,Work Under Pressure
485,1242,Decision Making
1003,361,Adaptability
224,1363,Leadership
1660,215,Leadership
1550,137,Time Management
816,1117,Communication
1661,1203,Conflict Resolution
365,1325,Time Management
1512,917,Leadership
1039,224,Conflict Resolution
1662,65,Self-motivation
1176,149,Adaptability
380,1333,Communication
1233,708,Decision Making
82,1659,Teamwork
110,559,Learning
969,652,Learning
873,746,Conflict Resolution
283,129,Teamwork
1227,1290,Conflict Resolution
1552,985,Conflict Resolution
821,1798,Adaptability
1096,383,Teamwork
1186,446,Work Under Pressure
1769,438,Learning
443,293,Work Under Pressure
1454,1412,Leadership
1631,79,Time Management
781,799,Conflict Resolution
1626,903,Adaptability
247,952,Adaptability
1170,1480,Work Under Pressure
1450,1061,Teamwork
1507,814,Adaptability
519,1583,Leadership
656,903,Leadership
737,1640,Teamwork
261,1572,Teamwork
886,1721,Self-motivation
1577,49,Self-motivation
840,1269,Time Management
1766,949,Time Management
1540,609,Decision Making
781,792,Self-motivation
1604,1747,Communication
191,1122,Leadership
1165,134,Teamwork
811,898,Self-motivation
194,1785,Conflict Resolution
176,294,Work Under Pressure
617,1673,Self-motivation
662,676,Time Management
705,552,Communication
722,916,Leadership
1359,1755,Decision Making
613,456,Teamwork
1079,704,Communication
629,421,Teamwork
1112,39,Learning
227,1582,Self-motivation
123,1374,Leadership
999,174,Self-motivation
21,951,Self-motivation
1063,1286,Communication
1452,453,Self-motivation
1402,1250,Self-motivation
215,1381,Time Management
1355,896,Time Management
960,1787,Conflict Resolution
1105,1350,Communication
974,487,Decision Making
1479,608,Time Management
1779,370,Work Under Pressure
1738,602,Time Management
553,25,Conflict Resolution
39,976,Teamwork
707,1510,Communication
1237,22,Leadership
1425,567,Learning
735,48,Adaptability
1456,715,Time Management
443,99,Decision Making
1608,1772,Teamwork
1475,1422,Decision Making
1152,276,Decision Making
43,811,Decision Making
180,930,Decision Making
1294,408,Teamwork
68,1536,Learning
569,64,Adaptability
865,1053,Leadership
1414,291,Teamwork
1703,120,Teamwork
419,230,Self-motivation
132,1031,Adaptability
1498,95,Work Under Pressure
1222,1391,Work Under Pressure
1405,564,Self-motivation
1166,172,Leadership
1560,384,Leadership
343,1049,Teamwork
1603,620,Learning
568,1537,Teamwork
901,140,Communication
954,1561,Communication
1616,1171,Conflict Resolution
1553,370,Work Under Pressure
729,1147,Learning
295,1259,Learning
1214,257,Adaptability
1380,152,Work Under Pressure
1373,86,Self-motivation
1086,329,Learning
1517,940,Leadership
1560,330,Conflict Resolution
863,460,Decision Making
218,1350,Decision Making
939,17,Adaptability
712,1413,Teamwork
1255,1317,Conflict Resolution
1680,1153,Time Management
1665,1321,Teamwork
966,1381,Work Under Pressure
1527,539,Decision Making
766,45,Conflict Resolution
1103,968,Decision Making
1011,1232,Decision Making
1495,1005,Communication
1128,450,Adaptability
1521,671,Learning
1080,1631,Decision Making
1059,1637,Work Under Pressure
867,1695,Decision Making
1273,1697,Decision Making
1118,490,Decision Making
1748,182,Teamwork
594,1408,Learning
885,253,Adaptability
362,195,Adaptability
592,546,Decision Making
1652,1244,Communication
1021,457,Communication
50,1507,Leadership
1443,246,Self-motivation
27,1537,Time Management
1729,386,Learning
1687,1179,Leadership
171,936,Self-motivation
27,205,Time Management
726,707,Work Under Pressure
1438,284,Conflict Resolution
1728,1420,Learning
168,107,Adaptability
121,1708,Learning
1575,950,Conflict Resolution
1181,867,Learning
561,432,Work Under Pressure
1432,704,Conflict Resolution
612,1490,Leadership
1458,1003,Leadership
1121,1123,Decision Making
555,15,Teamwork
1714,99,Adaptability
881,1571,Leadership
492,1576,Time Management
1603,396,Teamwork
1689,646,Conflict Resolution
880,175,Leadership
1643,15,Time Management
1791,1125,Teamwork
154,509,Decision Making
1579,799,Communication
1464,1029,Self-motivation
1211,1266,Decision Making
400,1479,Communication
1329,949,Self-motivation
1696,808,Conflict Resolution
331,1568,Leadership
924,251,Self-motivation
536,711,Adaptability
391,1722,Decision Making
196,736,Self-motivation
1186,713,Decision Making
685,148,Conflict Resolution
851,488,Conflict Resolution
370,490,Learning
1422,324,Decision Making
461,105,Leadership
635,1622,Decision Making
545,664,Communication
1436,938,Leadership
944,829,Time Management
13,213,Decision Making
1390,152,Leadership
151,1020,Communication
1736,1280,Conflict Resolution
988,564,Work Under Pressure
473,913,Learning
944,1730,Teamwork
456,1360,Self-motivation
340,650,Adaptability
239,1049,Self-motivation
848,1706,Work Under Pressure
1635,366,Leadership
1542,42,Adaptability
629,320,Decision Making
1456,698,Leadership
1450,1357,Adaptability
796,972,Adaptability
1731,10,Decision Making
1516,1357,Communication
1638,1059,Time Management
198,1711,Teamwork
1460,898,Time Management
1432,1152,Leadership
1284,730,Decision Making
225,324,Time Management
752,799,Communication
572,690,Conflict Resolution
1748,1243,Adaptability
985,917,Teamwork
568,129,Decision Making
1434,1703,Decision Making
679,441,Learning
914,1796,Work Under Pressure
778,27,Leadership
1702,1312,Leadership
953,1515,Work Under Pressure
1280,774,Communication
1781,1076,Learning
218,249,Learning
1693,485,Teamwork
1467,874,Self-motivation
1198,1650,Decision Making
109,1346,Teamwork
1020,1637,Decision Making
871,1593,Communication
888,55,Teamwork
1635,42,Conflict Resolution
230,1087,Conflict Resolution
252,1453,Communication
413,471,Leadership
1730,1020,Time Management
1619,1110,Self-motivation
981,513,Work Under Pressure
1224,853,Adaptability
1601,269,Self-motivation
1563,919,Time Management
1506,1129,Leadership
547,68,Learning
589,1247,Work Under Pressure
1678,956,Leadership
199,1495,Decision Making
1492,1089,Communication
1282,1051,Learning
1518,1707,Time Management
278,420,Self-motivation
1031,428,Decision Making
227,488,Learning
1155,706,Conflict Resolution
1797,1193,Self-motivation
877,1040,Teamwork
1167,1102,Time Management
1265,1035,Conflict Resolution
1094,119,Self-motivation
320,290,Teamwork
798,1788,Conflict Resolution
661,279,Work Under Pressure
1265,1357,Decision Making
767,1461,Learning
1463,844,Decision Making
1543,1494,Teamwork
1464,415,Adaptability
630,360,Communication
1785,812,Conflict Resolution
1629,1737,Leadership
1648,1706,Leadership
674,366,Communication
1718,1145,Self-motivation
1313,1412,Work Under Pressure
844,409,Time Management
888,1601,Leadership
369,1350,Learning
1083,656,Teamwork
1657,178,Time Management
617,676,Time Management
273,1435,Time Management
519,919,Work Under Pressure
279,799,Learning
91,1624,Leadership
782,160,Decision Making
338,1586,Teamwork
974,906,Self-motivation
993,1270,Learning
1694,574,Self-motivation
332,817,Leadership
1080,1111,Learning
1458,1050,Teamwork
72,334,Time Management
1685,618,Decision Making
1512,287,Work Under Pressure
75,311,Learning
881,1329,Learning
1486,1443,Work Under Pressure
264,1079,Adaptability
1034,625,Leadership
505,1746,Teamwork
300,810,Learning
1680,1123,Self-motivation
826,276,Conflict Resolution
471,1088,Leadership
209,1280,Self-motivation
670,1628,Leadership
563,1251,Time Management
1606,1394,Work Under Pressure
708,1203,Teamwork
1612,838,Work Under Pressure
944,1190,Communication
830,1222,Time Management
1012,195,Self-motivation
1395,65,Self-motivation
929,1024,Leadership
1283,65,Work Under Pressure
981,374,Decision Making
92,1741,Learning
503,493,Conflict Resolution
855,981,Teamwork
940,1013,Conflict Resolution
1553,1326,Teamwork
1425,1179,Adaptability
1515,1457,Work Under Pressure
1085,968,Conflict Resolution
234,686,Learning
1113,1225,Conflict Resolution
181,640,Learning
720,862,Conflict Resolution
176,336,Decision Making
71,166,Self-motivation
1067,465,Decision Making
1625,1175,Work Under Pressure
466,1657,Communication
1540,1266,Communication
1154,807,Decision Making
1110,279,Work Under Pressure
846,1541,Work Under Pressure
582,768,Learning
773,842,Learning
459,1259,Decision Making
1129,1454,Time Management
438,27,Learning
353,409,Time Management
681,657,Time Management
471,440,Conflict Resolution
1557,1365,Adaptability
476,865,Adaptability
931,1024,Learning
1258,494,Work Under Pressure
478,862,Leadership
1033,16,Learning
1633,421,Work Under Pressure
1215,726,Decision Making
279,766,Teamwork
306,174,Decision Making
197,121,Leadership
1009,1015,Time Management
419,1783,Learning
795,207,Learning
885,979,Time Management
816,1675,Time Management
977,1448,Communication
969,637,Adaptability
1362,351,Communication
1075,206,Adaptability
197,634,Decision Making
1330,1071,Learning
1168,1268,Teamwork
866,624,Adaptability
15,848,Leadership
1181,340,Work Under Pressure
1256,1263,Decision Making
333,1128,Learning
253,1027,Time Management
319,1447,Communication
637,1143,Work Under Pressure
304,608,Time Management
1380,1355,Teamwork
959,1448,Learning
1500,121,Decision Making
627,964,Work Under Pressure
1605,190,Adaptability
901,1619,Decision Making
1018,1663,Time Management
343,1086,Adaptability
899,858,Teamwork
982,238,Time Management
245,1510,Leadership
650,1601,Decision Making
1639,306,Work Under Pressure
483,632,Self-motivation
1491,1425,Adaptability
1494,514,Time Management
662,1536,Time Management
854,1085,Decision Making
77,1046,Leadership
1664,69,Communication
595,528,Teamwork
1354,392,Conflict Resolution
1349,964,Learning
1036,1062,Time Management
927,544,Self-motivation
298,651,Work Under Pressure
1779,1205,Leadership
364,329,Learning
1756,1191,Learning
1305,583,Communication
516,1774,Leadership
1025,1687,Adaptability
1133,147,Self-motivation
619,154,Time Management
887,1425,Learning
11,1726,Communication
1503,1578,Learning
617,1684,Communication
255,241,Leadership
1191,1397,Self-motivation
829,54,Learning
1624,530,Conflict Resolution
1084,1702,Communication
937,965,Learning
426,1170,Self-motivation
804,1276,Communication
28,1754,Time Management
1683,1601,Decision Making
169,1698,Adaptability
1383,779,Work Under Pressure
1705,1742,Communication
53,1590,Adaptability
969,1063,Self-motivation
1195,726,Adaptability
1694,575,Communication
1691,200,Learning
1402,1251,Decision Making
1304,1172,Work Under Pressure
1536,945,Leadership
1385,1464,Communication
998,1501,Self-motivation
1000,1032,Self-motivation
1763,383,Time Management
961,1634,Leadership
1599,632,Self-motivation
1239,1789,Self-motivation
191,278,Work Under Pressure
1375,1781,Time Management
702,410,Communication
906,316,Communication
1657,1383,Time Management
283,207,Self-motivation
901,703,Time Management
1400,1727,Work Under Pressure
944,451,Time Management
550,1505,Communication
415,306,Self-motivation
1016,1203,Conflict Resolution
923,1422,Work Under Pressure
1404,307,Communication
453,867,Adaptability
735,1104,Leadership
624,1325,Learning
21,347,Conflict Resolution
1492,591,Leadership
1691,441,Time Management
1711,161,Communication
39,500,Adaptability
1498,650,Leadership
212,1160,Communication
1305,1297,Learning
722,956,Decision Making
1549,219,Conflict Resolution
1165,1726,Leadership
124,403,Teamwork
1660,1324,Communication
856,1031,Self-motivation
190,1492,Adaptability
1726,424,Learning
67,1036,Learning
81,421,Adaptability
1650,516,Decision Making
699,779,Time Management
1279,152,Leadership
202,556,Leadership
525,1714,Adaptability
60,1637,Conflict Resolution
1368,1156,Adaptability
1393,1125,Work Under Pressure
259,796,Learning
503,1491,Self-motivation
693,1094,Time Management
24,274,Teamwork
918,971,Communication
986,1376,Decision Making
769,1787,Self-motivation
1721,1210,Learning
280,17,Conflict Resolution
1138,512,Self-motivation
46,266,Conflict Resolution
1045,449,Teamwork
904,786,Learning
1048,1309,Conflict Resolution
719,511,Work Under Pressure
219,941,Communication
580,392,Work Under Pressure
1049,634,Conflict Resolution
668,338,Time Management
40,233,Work Under Pressure
1584,1355,Communication
260,1777,Adaptability
506,1673,Learning
571,91,Communication
438,1520,Learning
1484,1011,Communication
861,70,Decision Making
531,568,Adaptability
1284,797,Time Management
63,386,Adaptability
407,873,Communication
777,1264,Teamwork
680,469,Learning
1440,1512,Self-motivation
155,18,Leadership
990,621,Self-motivation
658,984,Conflict Resolution
686,979,Adaptability
617,1062,Decision Making
470,775,Self-motivation
387,452,Time Management
419,174,Self-motivation
47,1460,Leadership
534,813,Communication
185,1220,Leadership
1608,386,Communication
1620,304,Adaptability
527,1204,Conflict Resolution
795,1520,Teamwork
399,170,Leadership
966,220,Work Under Pressure
1344,1063,Self-motivation
1570,1535,Teamwork
1092,952,Self-motivation
657,134,Adaptability
584,511,Work Under Pressure
1614,809,Communication
247,649,Learning
812,1659,Self-motivation
104,1424,Learning
1123,1448,Time Management
65,1368,Communication
857,641,Adaptability
1087,47,Communication
715,538,Conflict Resolution
1026,1670,Self-motivation
1031,220,Self-motivation
146,584,Conflict Resolution
1324,729,Time Management
1023,541,Conflict Resolution
31,1475,Adaptability
1200,1768,Time Management
1460,601,Communication
1377,1526,Teamwork
1401,537,Decision Making
46,1332,Adaptability
1128,1586,Teamwork
1767,873,Conflict Resolution
1234,987,Decision Making
149,541,Communication
1032,1634,Adaptability
762,1066,Learning
539,1314,Communication
1649,1365,Self-motivation
524,1454,Learning
1149,544,Adaptability
399,1288,Conflict Resolution
1259,1695,Decision Making
1215,63,Communication
707,1766,Decision Making
438,1321,Adaptability
1717,354,Teamwork
1570,648,Time Management
409,1306,Adaptability
1350,1279,Leadership
720,1253,Conflict Resolution
730,94,Learning
827,1549,Self-motivation
1252,1573,Teamwork
1154,1347,Self-motivation
1559,1632,Time Management
1579,1220,Adaptability
1017,607,Conflict Resolution
601,1379,Teamwork
586,1789,Teamwork
1179,1708,Learning
534,504,Communication
1193,1777,Teamwork
348,1411,Work Under Pressure
817,474,Communication
1753,425,Conflict Resolution
268,650,Work Under Pressure
479,1571,Adaptability
185,1502,Communication
119,138,Learning
556,251,Work Under Pressure
1071,83,Teamwork
1323,630,Decision Making
412,375,Teamwork
1466,1241,Work Under Pressure
282,209,Adaptability
539,648,Self-motivation
605,327,Conflict Resolution
316,710,Adaptability
366,358,Decision Making
1753,1083,Teamwork
1176,1591,Conflict Resolution
22,1546,Learning
715,439,Work Under Pressure
257,1656,Leadership
1618,812,Leadership
261,1702,Time Management
524,1380,Time Management
1351,1750,Teamwork
420,764,Conflict Resolution
1527,966,Leadership
61,458,Conflict Resolution
16,300,Work Under Pressure
447,270,Learning
1540,1623,Leadership
1168,358,Learning
874,498,Teamwork
1607,115,Learning
1298,1239,Work Under Pressure
369,1624,Teamwork
1247,1401,Decision Making
1028,987,Time Management
1323,206,Conflict Resolution
992,1612,Learning
690,1613,Work Under Pressure
849,783,Work Under Pressure
1080,193,Time Management
1262,1346,Leadership
1275,1720,Decision Making
1626,562,Self-motivation
1388,1447,Learning
1607,1000,Communication
1471,521,Communication
745,1644,Adaptability
1062,1681,Communication
1185,926,Leadership
813,458,Learning
1746,1088,Time Management
249,1784,Adaptability
525,1553,Self-motivation
422,1496,Work Under Pressure
198,1404,Adaptability
56,882,Communication
782,1178,Leadership
921,345,Leadership
1250,209,Work Under Pressure
1390,100,Decision Making
568,823,Adaptability
563,1442,Learning
834,1368,Self-motivation
614,956,Decision Making
1379,333,Adaptability
517,874,Leadership
521,1138,Adaptability
1479,40,Self-motivation
203,835,Decision Making
1101,798,Work Under Pressure
399,934,Work Under Pressure
272,1653,Communication
1340,1434,Teamwork
1604,1022,Time Management
1407,178,Leadership
1304,1341,Adaptability
201,743,Conflict Resolution
1188,879,Decision Making
760,889,Decision Making
833,370,Communication
1416,1532,Communication
1230,224,Adaptability
1104,1116,Learning
1273,976,Conflict Resolution
325,716,Adaptability
540,81,Teamwork
858,698,Time Management
740,910,Adaptability
459,1010,Adaptability
711,1312,Decision Making
1691,517,Self-motivation
1153,197,Time Management
744,186,Teamwork
209,210,Leadership
1342,727,Work Under Pressure
1696,873,Adaptability
645,230,Decision Making
930,1774,Work Under Pressure
1124,686,Communication
524,781,Self-motivation
1767,402,Work Under Pressure
1506,1382,Learning
174,971,Learning
636,1595,Teamwork
1708,658,Learning
1068,1198,Leadership
299,562,Adaptability
1691,76,Conflict Resolution
1755,770,Learning
1402,39,Time Management
667,230,Conflict Resolution
749,242,Work Under Pressure
430,1635,Conflict Resolution
1107,1531,Teamwork
1444,19,Learning
923,1021,Conflict Resolution
983,66,Time Management
448,234,Leadership
876,86,Leadership
523,1551,Communication
1726,572,Self-motivation
1016,1768,Time Management
499,969,Learning
690,648,Time Management
848,991,Decision Making
246,256,Adaptability
667,841,Work Under Pressure
1216,428,Teamwork
33,228,Teamwork
986,1673,Adaptability
1282,1706,Adaptability
532,1181,Self-motivation
769,438,Adaptability
858,433,Adaptability
710,303,Conflict Resolution
1725,1400,Self-motivation
1197,639,Teamwork
279,1655,Communication
873,520,Adaptability
969,993,Work Under Pressure
1380,1313,Conflict Resolution
269,1208,Decision Making
1278,326,Work Under Pressure
1662,1276,Work Under Pressure
26,1608,Learning
1496,515,Adaptability
565,108,Communication
762,1588,Self-motivation
336,1012,Adaptability
1175,1459,Communication
824,1600,Conflict Resolution
300,1278,Self-motivation
766,451,Decision Making
486,456,Conflict Resolution
1232,1335,Conflict Resolution
21,263,Adaptability
311,1176,Adaptability
29,413,Decision Making
931,628,Work Under Pressure
62,1732,Leadership
690,113,Communication
949,847,Work Under Pressure
383,1525,Leadership
1297,739,Adaptability
1039,88,Work Under Pressure
1344,1330,Leadership
1680,325,Decision Making
13,873,Leadership
666,805,Conflict Resolution
359,1169,Communication
1196,713,Learning
699,1596,Leadership
427,292,Learning
1486,1437,Learning
1516,814,Learning
1739,789,Leadership
1243,1386,Conflict Resolution
1270,182,Time Management
1246,686,Self-motivation
383,293,Adaptability
290,33,Leadership
1480,110,Adaptability
1355,350,Leadership
1107,927,Self-motivation
1565,203,Communication
231,297,Adaptability
1645,726,Adaptability
871,916,Work Under Pressure
1361,1725,Learning
901,1253,Self-motivation
1113,54,Teamwork
456,1206,Time Management
180,45,Communication
421,394,Learning
53,145,Learning
60,1505,Teamwork
739,1024,Learning
980,537,Time Management
35,1218,Self-motivation
584,128,Adaptability
1294,463,Decision Making
1172,1794,Decision Making
1048,1118,Decision Making
1073,60,Leadership
1155,1234,Leadership
1377,828,Decision Making
1123,1311,Leadership
563,172,Leadership
530,143,Time Management
442,430,Teamwork
507,1396,Teamwork
538,926,Teamwork
1351,680,Adaptability
1386,812,Learning
991,1465,Self-motivation
147,1624,Conflict Resolution
1034,457,Learning
145,1261,Communication
1754,741,Leadership
668,651,Teamwork
1366,615,Communication
809,576,Learning
344,627,Leadership
412,35,Adaptability
639,1536,Learning
1633,1372,Learning
1065,393,Leadership
223,1208,Teamwork
1397,371,Adaptability
1109,583,Leadership
1438,693,Adaptability
291,29,Leadership
1498,191,Decision Making
519,1603,Self-motivation
794,631,Learning
253,1306,Work Under Pressure
118,131,Conflict Resolution
1594,1403,Leadership
1350,1153,Conflict Resolution
724,1212,Leadership
327,1034,Adaptability
132,773,Conflict Resolution
127,358,Work Under Pressure
311,144,Conflict Resolution
1407,555,Communication
1112,1228,Communication
1351,1153,Decision Making
421,1001,Learning
826,1644,Conflict Resolution
1571,740,Communication
800,783,Decision Making
694,201,Communication
963,672,Teamwork
1089,135,Self-motivation
17,1607,Teamwork
1778,196,Decision Making
1477,247,Teamwork
629,1173,Adaptability
1150,1706,Adaptability
1390,1105,Self-motivation
62,356,Time Management
850,1310,Conflict Resolution
422,723,Leadership
21,159,Communication
728,272,Self-motivation
1707,413,Conflict Resolution
475,848,Work Under Pressure
242,104,Learning
752,181,Time Management
719,1344,Leadership
545,1372,Time Management
740,1036,Work Under Pressure
1339,967,Leadership
636,1366,Time Management
504,1466,Adaptability
1168,1701,Self-motivation
840,1242,Time Management
649,925,Leadership
1270,1620,Leadership
925,107,Conflict Resolution
1550,1502,Conflict Resolution
77,1275,Communication
999,1788,Self-motivation
1249,377,Conflict Resolution
897,1639,Time Management
194,1537,Learning
413,1383,Leadership
509,1679,Adaptability
793,1695,Learning
1109,1269,Conflict Resolution
1326,424,Decision Making
967,885,Teamwork
103,436,Leadership
1312,179,Teamwork
1675,1390,Decision Making
66,1552,Conflict Resolution
785,1086,Adaptability
1624,521,Learning
869,1050,Teamwork
1078,1084,Time Management
138,1690,Learning
1618,1723,Teamwork
386,1729,Decision Making
1418,100,Conflict Resolution
247,901,Conflict Resolution
366,633,Leadership
1035,736,Adaptability
1172,333,Leadership
1134,1502,Teamwork
355,107,Teamwork
50,825,Conflict Resolution
620,1184,Leadership
1194,67,Work Under Pressure
921,1479,Teamwork
331,1166,Self-motivation
780,1387,Time Management
1109,513,Learning
1333,52,Leadership
1236,765,Time Management
345,493,Leadership
60,41,Teamwork
928,1378,Self-motivation
1760,1427,Work Under Pressure
935,971,Communication
632,124,Self-motivation
330,851,Self-motivation
997,364,Adaptability
292,1045,Time Management
1217,517,Decision Making
803,1183,Learning
723,858,Time Management
1245,871,Work Under Pressure
1790,1202,Work Under Pressure
1720,820,Teamwork
1703,184,Time Management
1651,710,Teamwork
1100,916,Teamwork
409,1148,Adaptability
116,1568,Decision Making
248,1510,Decision Making
301,966,Leadership
1098,222,Adaptability
1002,1187,Self-motivation
1410,339,Work Under Pressure
1178,1076,Time Management
164,389,Decision Making
62,1366,Work Under Pressure
855,1503,Leadership
513,323,Work Under Pressure
1243,1139,Conflict Resolution
660,1552,Work Under Pressure
728,1429,Teamwork
1516,614,Teamwork
1229,658,Time Management
684,1489,Communication
276,1031,Adaptability
595,1751,Conflict Resolution
1726,196,Adaptability
1063,1245,Time Management
1776,594,Teamwork
412,1559,Adaptability
1749,759,Communication
1756,460,Work Under Pressure
1490,448,Work Under Pressure
907,632,Communication
293,180,Adaptability
1490,247,Conflict Resolution
1438,657,Conflict Resolution
1714,734,Time Management
1347,1464,Leadership
399,1539,Adaptability
74,826,Decision Making
1275,734,Decision Making
1799,319,Communication
435,905,Time Management
1413,828,Time Management
1235,779,Self-motivation
1250,296,Leadership
615,773,Self-motivation
670,45,Adaptability
1021,418,Decision Making
1262,1101,Communication
1554,842,Work Under Pressure
1619,818,Conflict Resolution
1083,1490,Teamwork
521,1013,Work Under Pressure
1674,310,Teamwork
12,122,Communication
918,949,Conflict Resolution
1472,1259,Adaptability
1787,615,Communication
714,787,Teamwork
1585,972,Work Under Pressure
614,1658,Teamwork
1557,1415,Teamwork
1629,176,Communication
428,103,Work Under Pressure
1158,795,Work Under Pressure
129,1018,Leadership
110,354,Adaptability
1255,91,Time Management
1552,1632,Leadership
556,378,Communication
37,736,Adaptability
1749,1069,Learning
1719,255,Learning
732,1089,Decision Making
657,1054,Conflict Resolution
302,638,Work Under Pressure
964,595,Work Under Pressure
1404,1484,Communication
1451,1158,Work Under Pressure
412,14,Work Under Pressure
1559,1083,Work Under Pressure
1692,400,Conflict Resolution
1520,1209,Work Under Pressure
1092,210,Decision Making
1599,1177,Self-motivation
1180,608,Decision Making
228,1260,Self-motivation
392,1391,Work Under Pressure
944,433,Self-motivation
1221,307,Teamwork
674,1316,Leadership
724,973,Adaptability
983,764,Communication
1797,582,Conflict Resolution
104,1671,Learning
805,1605,Leadership
1363,281,Communication
749,194,Communication
588,1176,Work Under Pressure
24,757,Teamwork
126,308,Self-motivation
1614,428,Communication
532,884,Leadership
1058,206,Teamwork
183,230,Communication
1575,298,Work Under Pressure
1198,149,Communication
744,1657,Adaptability
1160,1725,Conflict Resolution
1496,145,Work Under Pressure
324,968,Adaptability
696,1681,Leadership
326,289,Conflict Resolution
1501,282,Decision Making
113,315,Adaptability
716,575,Teamwork
1665,813,Decision Making
1771,626,Communication
1149,1181,Learning
886,464,Learning
1360,835,Decision Making
417,743,Self-motivation
1637,1287,Leadership
414,1258,Adaptability
276,1497,Teamwork
1697,641,Time Management
1750,454,Conflict Resolution
1169,1630,Conflict Resolution
718,353,Leadership
1198,1346,Learning
1633,1240,Teamwork
760,150,Conflict Resolution
1781,1495,Time Management
847,878,Conflict Resolution
1423,1261,Time Management
879,1504,Self-motivation
752,1252,Communication
897,935,Adaptability
1143,201,Self-motivation
1417,1499,Learning
694,448,Teamwork
1639,581,Adaptability
194,1315,Time Management
429,1715,Self-motivation
1780,913,Time Management
80,1545,Learning
1576,1638,Communication
1224,456,Adaptability
1758,745,Leadership
1615,1417,Teamwork
252,374,Teamwork
981,162,Learning
1147,1583,Communication
1337,694,Leadership
1371,332,Time Management
1405,917,Adaptability
443,1072,Learning
635,1640,Teamwork
1551,1270,Teamwork
1646,1681,Teamwork
1512,378,Teamwork
1408,187,Time Management
949,808,Decision Making
945,732,Teamwork
1489,249,Self-motivation
459,1652,Adaptability
566,363,Teamwork
293,1181,Leadership
1303,1416,Learning
145,1230,Communication
448,1300,Teamwork
853,1625,Leadership
300,1763,Adaptability
1785,466,Adaptability
1071,1297,Leadership
493,945,Time Management
716,1101,Time Management
1668,1090,Time Management
18,1228,Self-motivation
1354,114,Communication
828,813,Time Management
77,507,Conflict Resolution
69,646,Learning
637,169,Teamwork
1778,580,Teamwork
1519,1021,Teamwork
14,820,Learning
931,1229,Adaptability
1074,579,Leadership
384,845,Learning
1129,745,Teamwork
1384,967,Work Under Pressure
540,1003,Decision Making
918,433,Leadership
988,88,Self-motivation
1528,1690,Learning
1430,299,Leadership
1112,1350,Conflict Resolution
99,1696,Time Management
1249,803,Teamwork
1021,1485,Work Under Pressure
26,1308,Conflict Resolution
41,403,Time Management
254,988,Adaptability
893,895,Learning
182,1743,Conflict Resolution
996,1346,Communication
1501,753,Communication
200,26,Conflict Resolution
574,1295,Self-motivation
78,1091,Leadership
872,1697,Decision Making
508,972,Communication
1518,1497,Time Management
905,1186,Conflict Resolution
198,229,Learning
707,1717,Teamwork
244,262,Conflict Resolution
1048,1319,Decision Making
1054,1625,Time Management
38,1266,Self-motivation
352,186,Teamwork
1617,31,Self-motivation
1448,1473,Decision Making
579,1278,Teamwork
1193,605,Time Management
1245,11,Work Under Pressure
740,1667,Time Management
1117,1633,Decision Making
753,1623,Learning
17,1253,Conflict Resolution
1088,1489,Leadership
398,563,Self-motivation
1213,381,Leadership
1265,1058,Leadership
982,1464,Decision Making
1408,1655,Communication
1174,1609,Teamwork
1495,1097,Time Management
1328,1034,Leadership
868,874,Leadership
620,1441,Leadership
1434,1291,Work Under Pressure
1418,804,Adaptability
367,42,Time Management
1398,1274,Communication
1135,145,Adaptability
64,1145,Teamwork
1463,642,Work Under Pressure
1322,1393,Learning
642,870,Time Management
666,354,Time Management
11,654,Time Management
33,1347,Adaptability
994,1789,Decision Making
681,816,Work Under Pressure
203,106,Teamwork
789,203,Decision Making
183,814,Work Under Pressure
238,957,Decision Making
585,122,Teamwork
1197,785,Teamwork
523,1500,Work Under Pressure
132,1397,Communication
1000,1111,Communication
1796,869,Conflict Resolution
917,792,Teamwork
1667,1128,Time Management
578,1652,Communication
439,493,Time Management
1578,1572,Work Under Pressure
619,1247,Conflict Resolution
284,1597,Self-motivation
927,168,Conflict Resolution
98,80,Learning
1002,1588,Decision Making
312,186,Teamwork
383,1121,Adaptability
981,718,Decision Making
411,629,Self-motivation
1067,94,Self-motivation
158,354,Teamwork
932,391,Teamwork
1162,1521,Self-motivation
151,1790,Communication
520,1578,Self-motivation
797,1375,Adaptability
1585,137,Leadership
1395,1204,Learning
1332,1437,Learning
451,1672,Self-motivation
91,1659,Adaptability
108,1740,Work Under Pressure
684,80,Conflict Resolution
1027,949,Learning
681,242,Conflict Resolution
1341,471,Self-motivation
1536,1414,Self-motivation
869,1282,Teamwork
710,562,Self-motivation
1173,1399,Decision Making
1134,721,Teamwork
104,69,Adaptability
558,422,Teamwork
1331,122,Time Management
666,567,Self-motivation
1651,724,Self-motivation
1130,1791,Self-motivation
1400,714,Leadership
1724,1022,Learning
127,1197,Conflict Resolution
586,1311,Learning
463,1693,Leadership
616,587,Adaptability
1000,792,Adaptability
1101,214,Time Management
1548,212,Communication
779,859,Teamwork
1777,52,Time Management
1577,1534,Adaptability
1390,179,Decision Making
1552,441,Self-motivation
459,754,Communication
833,213,Communication
759,1045,Adaptability
799,140,Self-motivation
928,308,Learning
766,186,Decision Making
1463,1148,Leadership
1350,609,Time Management
872,685,Adaptability
231,1025,Learning
1134,1247,Leadership
833,652,Conflict Resolution
699,724,Teamwork
60,29,Work Under Pressure
1501,987,Teamwork
409,659,Conflict Resolution
1306,633,Teamwork
38,99,Conflict Resolution
687,908,Adaptability
1142,1761,Time Management
514,538,Adaptability
1528,1465,Communication
657,104,Work Under Pressure
1050,77,Conflict Resolution
820,1412,Conflict Resolution
534,1648,Time Management
1356,472,Adaptability
733,725,Learning
425,1106,Conflict Resolution
1067,156,Work Under Pressure
1115,1357,Decision Making
481,1345,Time Management
1594,1773,Time Management
1029,1552,Communication
1579,266,Communication
541,1017,Learning
1765,162,Self-motivation
532,1585,Time Management
1301,1581,Work Under Pressure
1428,1113,Learning
1334,1389,Teamwork
1712,1734,Learning
507,349,Adaptability
1636,739,Teamwork
110,337,Communication
1271,953,Learning
1634,1683,Adaptability
680,1102,Teamwork
493,592,Work Under Pressure
1265,979,Work Under Pressure
1479,175,Communication
963,1494,Adaptability
615,1667,Leadership
56,43,Communication
420,138,Conflict Resolution
1184,432,Conflict Resolution
587,39,Communication
1153,1593,Conflict Resolution
279,663,Leadership
1755,1228,Conflict Resolution
748,1042,Conflict Resolution
312,167,Communication
1015,946,Communication
558,665,Conflict Resolution
147,1587,Teamwork
1221,270,Self-motivation
580,1109,Adaptability
322,687,Self-motivation
937,335,Learning
1240,693,Decision Making
1674,660,Learning
978,1107,Decision Making
1308,117,Teamwork
659,179,Time Management
625,38,Conflict Resolution
1350,1016,Adaptability
1380,858,Learning
1123,1185,Adaptability
992,436,Leadership
229,1175,Teamwork
202,1574,Leadership
1601,683,Adaptability
647,968,Learning
857,1712,Adaptability
1001,1721,Self-motivation
684,1496,Communication
1576,1386,Conflict Resolution
375,1660,Teamwork
447,561,Time Management
329,1786,Communication
446,1089,Decision Making
149,466,Learning
1032,824,Conflict Resolution
1168,712,Adaptability
1326,532,Self-motivation
249,131,Time Management
988,317,Decision Making
1505,453,Work Under Pressure
522,1626,Teamwork
427,1164,Adaptability
540,327,Self-motivation
1608,421,Communication
1220,861,Time Management
545,1452,Communication
1303,417,Communication
1072,849,Conflict Resolution
700,208,Learning
20,1141,Work Under Pressure
1741,740,Communication
954,1427,Communication
490,615,Work Under Pressure
1032,638,Learning
874,1518,Adaptability
321,828,Self-motivation
10,453,Communication
67,211,Adaptability
914,1250,Decision Making
586,1526,Self-motivation
1492,529,Self-motivation
1304,1666,Work Under Pressure
1788,276,Conflict Resolution
633,64,Decision Making
1022,281,Work Under Pressure
298,207,Conflict Resolution
1026,389,Conflict Resolution
1169,20,Communication
822,1684,Learning
609,50,Adaptability
1653,1704,Decision Making
503,1339,Adaptability
1208,1370,Teamwork
440,332,Communication
1635,1176,Learning
1618,844,Teamwork
266,625,Self-motivation
1456,1359,Conflict Resolution
1586,333,Learning
298,491,Teamwork
952,1188,Leadership
1057,780,Adaptability
1757,528,Decision Making
1471,890,Communication
1279,596,Adaptability
626,1333,Communication
309,1004,Decision Making
608,353,Conflict Resolution
934,206,Leadership
1542,717,Self-motivation
1398,920,Decision Making
1668,1287,Self-motivation
336,588,Learning
247,1660,Leadership
998,595,Work Under Pressure
425,187,Decision Making
1089,970,Decision Making
1674,1789,Time Management
943,354,Decision Making
810,132,Communication
1606,225,Work Under Pressure
1525,82,Teamwork
1548,1410,Conflict Resolution
922,299,Decision Making
248,71,Conflict Resolution
533,1409,Work Under Pressure
1490,519,Adaptability
1381,462,Work Under Pressure
226,1524,Self-motivation
1402,735,Self-motivation
109,1325,Learning
1622,441,Work Under Pressure
514,1273,Learning
1564,677,Communication
1464,177,Communication
53,1436,Teamwork
153,420,Decision Making
1086,1120,Time Management
564,235,Work Under Pressure
74,1309,Leadership
849,155,Communication
175,822,Decision Making
300,426,Time Management
1498,28,Adaptability
1045,1725,Teamwork
1252,1716,Leadership
876,182,Adaptability
1003,1259,Leadership
208,823,Leadership
851,1067,Leadership
1682,449,Teamwork
174,725,Learning
1692,1299,Conflict Resolution
1706,1553,Self-motivation
307,454,Learning
608,50,Conflict Resolution
1571,1112,Leadership
1278,998,Conflict Resolution
270,1645,Communication
369,1766,Teamwork
569,1248,Conflict Resolution
1223,1616,Time Management
181,881,Self-motivation
1120,1359,Learning
938,970,Learning
877,705,Decision Making
1723,1399,Decision Making
818,1080,Teamwork
1698,413,Conflict Resolution
637,1703,Decision Making
1635,1333,Time Management
1157,1146,Leadership
1661,884,Communication
823,437,Self-motivation
196,460,Work Under Pressure
1691,349,Adaptability
717,1193,Self-motivation
1681,446,Learning
1025,1550,Adaptability
1203,1325,Conflict Resolution
136,1343,Self-motivation
139,1285,Adaptability
894,1581,Teamwork
124,1016,Teamwork
186,910,Self-motivation
1613,632,Communication
211,16,Adaptability
1223,1720,Learning
1730,1754,Decision Making
966,141,Time Management
146,467,Time Management
1225,696,Decision Making
1792,67,Self-motivation
1526,806,Communication
214,603,Adaptability
1128,1504,Time Management
1203,1212,Self-motivation
1349,1001,Time Management
1148,713,Time Management
466,209,Time Management
939,1727,Work Under Pressure
237,1777,Communication
272,760,Leadership
88,1620,Communication
1453,485,Self-motivation
1306,1019,Conflict Resolution
343,611,Leadership
1361,1562,Decision Making
477,597,Time Management
50,87,Teamwork
1270,1335,Teamwork
1444,597,Decision Making
918,1776,Communication
1428,866,Decision Making
1122,1125,Time Management
362,1695,Learning
318,1642,Work Under Pressure
307,132,Time Management
1080,1378,Adaptability
730,1559,Conflict Resolution
1092,231,Communication
240,618,Leadership
717,18,Teamwork
140,397,Self-motivation
510,714,Work Under Pressure
1306,248,Learning
1137,124,Communication
749,1532,Leadership
298,973,Conflict Resolution
270,374,Self-motivation
715,197,Leadership
1235,345,Communication
80,891,Learning
1106,1445,Teamwork
638,187,Conflict Resolution
461,1596,Conflict Resolution
1653,1574,Conflict Resolution
1526,1393,Work Under Pressure
498,353,Learning
447,1741,Work Under Pressure
881,457,Work Under Pressure
679,1225,Leadership
825,1075,Learning
909,1235,Conflict Resolution
1731,40,Learning
815,120,Time Management
791,1637,Conflict Resolution
1794,416,Communication
1678,988,Communication
581,747,Teamwork
156,1433,Self-motivation
870,235,Self-motivation
252,1758,Decision Making
1054,1435,Learning
849,753,Leadership
1782,1594,Time Management
975,1483,Leadership
943,1455,Adaptability
279,887,Adaptability
855,800,Leadership
1405,254,Leadership
386,763,Work Under Pressure
216,870,Work Under Pressure
1280,573,Adaptability
602,1536,Leadership
655,955,Work Under Pressure
260,1696,Conflict Resolution
1041,1405,Self-motivation
1559,1012,Teamwork
845,601,Conflict Resolution
958,1196,Self-motivation
525,1449,Conflict Resolution
203,472,Teamwork
548,1576,Decision Making
1557,1495,Self-motivation
90,351,Teamwork
1703,1423,Teamwork
386,605,Decision Making
852,373,Communication
1074,626,Work Under Pressure
1622,1171,Leadership
467,332,Conflict Resolution
994,87,Adaptability
819,461,Learning
1473,1511,Adaptability
469,1284,Teamwork
153,1479,Communication
69,942,Self-motivation
1216,581,Communication
73,1472,Conflict Resolution
552,929,Teamwork
248,725,Learning
464,1099,Conflict Resolution
1544,896,Leadership
1631,893,Self-motivation
1248,712,Decision Making
784,393,Decision Making
738,930,Self-motivation
889,1563,Leadership
1101,1050,Work Under Pressure
584,930,Learning
811,276,Time Management
647,1234,Decision Making
1514,14,Leadership
547,409,Communication
406,237,Adaptability
15,1768,Teamwork
1508,1088,Conflict Resolution
207,1614,Teamwork
707,1158,Self-motivation
186,1163,Adaptability
1422,969,Teamwork
1659,830,Communication
1439,610,Time Management
106,1070,Learning
703,201,Learning
364,493,Time Management
189,1095,Self-motivation
1681,875,Teamwork
1125,613,Learning
1334,1739,Adaptability
1635,1337,Communication
146,924,Conflict Resolution
626,547,Conflict Resolution
1232,376,Conflict Resolution
400,1411,Adaptability
710,1304,Time Management
1276,352,Communication
1425,1797,Adaptability
776,1541,Adaptability
134,544,Leadership
174,115,Communication
1202,271,Work Under Pressure
1537,567,Self-motivation
1092,1538,Teamwork
138,757,Decision Making
1714,1290,Time Management
1622,424,Conflict Resolution
838,67,Time Management
1210,219,Time Management
583,1170,Conflict Resolution
1145,502,Adaptability
990,1067,Leadership
506,998,Conflict Resolution
296,973,Decision Making
356,193,Communication
729,1296,Self-motivation
1148,861,Leadership
639,311,Adaptability
916,1136,Adaptability
1073,1791,Adaptability
201,963,Conflict Resolution
1693,1747,Self-motivation
1743,947,Work Under Pressure
468,1218,Leadership
124,1336,Conflict Resolution
372,491,Teamwork
792,490,Communication
301,1234,Leadership
933,515,Leadership
1681,84,Teamwork
223,1232,Self-motivation
1098,104,Adaptability
1349,463,Leadership
1368,785,Leadership
1359,690,Work Under Pressure
1758,525,Decision Making
680,553,Communication
183,291,Time Management
1138,1700,Work Under Pressure
888,769,Conflict Resolution
854,72,Decision Making
1558,255,Teamwork
1095,826,Conflict Resolution
1240,822,Adaptability
1437,1223,Work Under Pressure
375,741,Communication
675,975,Teamwork
1226,1011,Time Management
1087,49,Self-motivation
1495,1759,Leadership
290,471,Work Under Pressure
804,523,Communication
1284,1601,Learning
1457,672,Work Under Pressure
1332,1239,Work Under Pressure
626,546,Decision Making
1606,773,Self-motivation
985,222,Work Under Pressure
1252,1428,Decision Making
1342,481,Leadership
844,1399,Decision Making
1048,959,Leadership
344,642,Communication
791,890,Self-motivation
118,1018,Leadership
300,1694,Work Under Pressure
1599,470,Time Management
93,1689,Self-motivation
1034,1105,Leadership
1698,1352,Decision Making
1663,1741,Conflict Resolution
239,622,Self-motivation
643,293,Leadership
1179,292,Teamwork
167,825,Teamwork
38,876,Self-motivation
1292,961,Work Under Pressure
1088,1543,Adaptability
713,761,Work Under Pressure
1670,24,Teamwork
111,445,Conflict Resolution
1614,927,Self-motivation
1610,1678,Learning
1038,1457,Time Management
1292,429,Adaptability
1398,1725,Decision Making
1113,1005,Leadership
1055,415,Learning
1160,585,Leadership
1118,1326,Teamwork
1362,772,Leadership
435,1078,Teamwork
623,352,Teamwork
744,228,Self-motivation
607,263,Time Management
133,1596,Conflict Resolution
1632,1114,Decision Making
647,566,Decision Making
1426,856,Adaptability
700,464,Leadership
749,501,Leadership
545,1476,Communication
1142,866,Conflict Resolution
341,785,Time Management
975,378,Decision Making
1040,458,Adaptability
895,1037,Decision Making
884,1286,Leadership
835,725,Leadership
1259,809,Leadership
1617,1722,Teamwork
1355,1794,Work Under Pressure
645,71,Communication
620,790,Decision Making
1772,1301,Leadership
1253,1471,Leadership
41,395,Learning
1677,1604,Conflict Resolution
1363,1665,Self-motivation
150,1510,Decision Making
488,1682,Adaptability
929,523,Decision Making
1493,1420,Learning
1060,405,Learning
1374,285,Leadership
59,912,Teamwork
1684,1381,Self-motivation
27,1228,Learning
1624,1740,Adaptability
471,1791,Adaptability
521,505,Leadership
1626,142,Self-motivation
681,852,Decision Making
1275,1559,Adaptability
1615,781,Teamwork
21,312,Time Management
981,1314,Decision Making
1030,266,Adaptability
1507,470,Learning
1444,1105,Communication
744,1032,Time Management
253,548,Teamwork
45,1547,Adaptability
1147,1178,Adaptability
1007,418,Teamwork
1002,211,Learning
433,1612,Time Management
599,1290,Learning
1176,1291,Leadership
232,129,Work Under Pressure
453,1036,Work Under Pressure
213,540,Learning
432,1371,Leadership
100,1776,Communication
1185,1633,Adaptability
703,32,Teamwork
316,514,Leadership
17,1021,Time Management
946,155,Work Under Pressure
951,876,Self-motivation
1461,1612,Time Management
482,704,Adaptability
322,804,Teamwork
1095,580,Communication
224,342,Teamwork
882,1213,Work Under Pressure
351,483,Time Management
401,1716,Time Management
1211,445,Adaptability
264,1067,Learning
794,1280,Learning
985,438,Adaptability
936,713,Self-motivation
1794,390,Self-motivation
1768,1021,Teamwork
1429,1593,Communication
1456,73,Decision Making
95,610,Learning
1588,1069,Teamwork
23,1070,Leadership
135,68,Work Under Pressure
1293,311,Conflict Resolution
144,1038,Teamwork
1472,1746,Learning
527,356,Adaptability
250,432,Communication
1481,1582,Communication
1137,607,Self-motivation
1453,708,Communication
112,1196,Conflict Resolution
278,922,Work Under Pressure
680,1669,Leadership
1292,484,Communication
644,1294,Communication
784,1783,Adaptability
241,1367,Leadership
308,1348,Communication
1000,342,Time Management
1416,798,Conflict Resolution
542,1640,Time Management
428,41,Teamwork
545,1204,Decision Making
867,1647,Learning
1572,758,Teamwork
1785,846,Leadership
97,362,Communication
886,1221,Conflict Resolution
427,1603,Teamwork
531,1077,Communication
165,1064,Decision Making
870,759,Communication
1116,225,Conflict Resolution
722,248,Communication
1093,1173,Work Under Pressure
1576,536,Communication
699,1015,Time Management
999,1329,Learning
647,1455,Learning
272,11,Leadership
1795,24,Adaptability
253,712,Communication
1406,712,Teamwork
1113,678,Communication
835,1174,Adaptability
44,1592,Adaptability
1420,650,Self-motivation
