patient_phone;patient_born;patient_first_name;patient_patronymic;patient_last_name
46-740-578-1572;2011-05-20;Skylar;Blaire;Sewards
386-341-324-7191;1962-11-05;Randall;Woodrow;Izaks
62-838-462-2189;1951-10-15;Raf;Corabel;Worswick
30-145-521-7499;1932-12-19;Maggie;Andris;Lambis
86-281-208-9008;1991-08-14;Theodosia;Carolee;Keyser
86-256-416-5925;1994-04-26;Jsandye;Burnaby;Bennedsen
7-627-316-7124;2026-03-22;Sascha;Maire;Marven
62-188-544-2564;2018-12-19;Sondra;Josias;Yorston
86-615-368-5809;1996-10-07;Frazier;Beatrice;Felstead
86-665-117-4815;1969-08-17;Milicent;Emmye;O' Liddy
86-696-819-4552;1950-12-22;Robinette;Margeaux;Romanini
57-455-371-4619;1978-02-11;Barthel;Cecily;Sterrick
86-272-830-7143;1989-08-18;Vida;Vi;McCreedy
62-880-348-123;2014-06-24;Zacherie;Shirl;Hammond
98-267-343-7674;1940-10-28;Trina;Dell;Middlemiss
507-475-306-3841;2014-01-11;Albrecht;Koressa;Deakan
976-487-297-6653;1990-04-19;Maye;Corabel;Chasmor
63-312-554-8113;1985-04-03;Bengt;Daphne;Voase
62-382-865-4058;1941-08-06;Ebba;Lusa;Deverson
54-971-896-9897;1954-03-14;Lynea;Pat;Klesl
351-916-738-8856;1965-03-21;Cary;Germain;Strainge
63-933-460-889;1958-09-25;Kat;Hillary;Kittel
62-896-573-7020;1978-12-19;Jeanne;Ty;Wanka
234-850-559-7708;1930-03-08;Cornie;Hermann;Dalzell
351-603-890-5122;1984-02-14;Mellie;Ilka;Allsopp
57-902-554-4817;2029-09-14;Elliott;Monah;Halgarth
62-863-289-8938;1962-09-08;Nanine;Spenser;Tinson
63-708-437-7770;2005-09-10;Merrill;Amandie;Iglesia
86-268-655-6951;1968-07-30;Mandel;Fernandina;Joris
81-311-721-2039;1952-11-01;Kellie;Lyn;Baccas
55-198-125-8914;1956-05-06;Thornton;Evangelin;Truscott
7-211-533-4231;1967-12-02;Cyrille;Torrance;Kiezler
351-935-743-9356;1990-10-17;Corty;Trefor;Brunotti
54-534-827-1884;1944-01-19;Willis;Dean;Ghirardi
86-146-745-9189;1987-01-17;Kenny;Kelvin;Tonepohl
51-887-387-8230;1955-10-25;Burke;Mohandis;Fontes
358-586-908-577;1968-11-14;Chet;Vikki;Petras
86-812-104-2973;1992-04-16;Rozina;Ranee;Marsland
57-149-874-7348;1991-08-27;Toddy;Ianthe;Climance
98-386-267-2094;1953-08-30;Barnard;Rosabelle;Recke
62-564-698-4538;2027-04-30;Elbert;Byrle;Burling
63-240-877-1146;1952-03-18;Alberik;Calla;Fowler
260-422-447-2368;1950-05-08;Sheila;Mallory;Ailmer
30-753-319-6373;1931-05-15;Gelya;Richmond;Rizzardi
51-183-663-5416;2001-01-30;Jermayne;Holli;Brumfield
967-277-226-2074;1931-04-14;Desmond;Mildrid;Ondrousek
55-171-372-7471;1975-05-29;Jilleen;Alissa;Mayger
7-888-329-4700;1992-09-11;Gabi;Brandi;Dyment
234-887-509-3569;1952-12-10;Daphna;Lana;Larciere
33-936-918-2509;2016-05-03;Mirabelle;Fanchon;Cherry
86-203-578-124;1964-06-09;Christean;Leonerd;Pick
502-562-299-878;1958-05-01;Bartolemo;Jaclyn;Linstead
385-294-701-2732;1930-01-11;Bruno;Jeno;Cattermoul
62-555-983-1114;2015-10-06;Sabine;Denver;Chattoe
86-546-907-4463;1961-02-19;Robinetta;Goldi;Monelle
1-616-390-6677;1983-08-20;Joannes;Leone;Kamien
355-171-589-5389;2003-06-22;Kendricks;Ingaberg;Durbyn
86-940-149-2725;1943-08-16;Bearnard;Susana;Arnault
86-505-207-448;1964-10-26;Damien;Kipp;Fison
86-910-238-8941;1954-08-19;Silvain;Giselbert;Commins
63-259-383-2438;2021-05-12;Lynna;Petronia;Dewfall
86-181-970-9760;2026-10-31;Addie;Caroljean;Horley
30-620-806-965;1977-04-26;Ramsay;Mollie;Southerns
36-218-107-9948;1990-08-21;Gayle;Townie;Yelland
30-407-222-6175;1957-05-18;Betteann;Vikky;Schonfeld
62-268-894-7494;2028-07-23;Ike;Kriste;Langley
998-294-151-6785;1994-10-15;Yvonne;Wit;Pitcher
355-993-562-3240;1952-12-09;Midge;Robyn;Kendall
389-935-710-5509;2016-03-15;Danny;Rozella;Pheby
54-416-654-8522;1987-11-03;Odetta;Alayne;Hankins
358-931-651-3059;2019-11-09;Iolanthe;Lea;Atyeo
7-328-644-5215;1970-06-10;Quincey;Pen;Hothersall
62-882-556-2104;1956-04-08;Allis;Alanson;Scallon
52-530-126-6547;2017-12-31;Kaitlyn;Kalina;Ascrofte
7-385-684-3662;2026-02-22;Lisetta;Boone;Messham
48-284-604-963;1952-05-10;Mirella;Leupold;Morfell
962-131-748-1332;1999-02-13;Felic;Irita;Constantine
62-825-829-1081;1989-09-06;Bette-ann;Evelyn;Balharrie
62-159-286-7454;1968-06-17;Noelyn;Zarah;Grassett
7-688-782-6039;2011-08-08;Katlin;Dicky;Venable
7-471-559-7493;1979-07-20;Evelyn;Adelaide;Barber
970-895-140-9136;1956-01-16;Martha;Charlene;Cranidge
420-363-775-1419;1994-11-04;Lane;Toma;Pimblett
49-278-632-6530;1941-10-30;Kathlin;Annice;Curless
86-908-794-8397;1993-06-20;Kimberley;Charil;Umpleby
86-363-410-6937;1978-11-15;Roseanna;Vanna;Hendrix
86-397-772-1254;2002-05-07;Mannie;Dorene;Laird
353-128-110-8843;1934-12-25;Reginauld;Ame;Renak
1-748-543-5983;1970-08-28;Russell;Putnam;Byllam
351-235-351-2029;1949-03-13;Lorrayne;Jacques;Horsey
7-583-627-9460;2003-08-11;Miranda;Eddie;Scohier
1-214-391-3011;1948-02-16;Bobbi;Sylvia;Stonnell
62-767-930-5165;1943-09-18;Gigi;Leland;Cameli
86-355-962-6462;1998-07-22;Aurie;Shepherd;Coton
86-452-785-7691;1998-05-11;Dulci;Cari;Daens
62-109-693-8219;1945-01-27;Dierdre;Fanchon;McCloch
86-894-221-2328;2016-10-22;Ezequiel;Wynne;Addlestone
52-872-445-6899;1964-11-30;Maurine;Starr;Coverdale
84-218-680-6824;1964-05-04;Mildred;Thomasa;Rushbrooke
48-637-911-2700;1968-03-11;Ricoriki;Aldon;Partner
66-673-554-8514;1938-04-05;Demetria;Waylan;Witling
98-475-248-590;2014-04-22;Cordelie;Jeramey;Sporrij
86-779-831-9698;1934-06-05;Birk;Pietrek;Arnoud
63-316-910-9755;1961-07-14;Erroll;Paulo;Dericut
62-532-405-4898;1953-12-07;Gothart;Annice;Petrushanko
62-584-112-8648;2021-06-21;Colman;Jessika;Knights
63-292-666-8694;1999-07-15;Palmer;Pierrette;Keates
62-678-755-7233;1946-04-22;Baxie;Lauryn;Peatman
218-471-972-6299;1964-06-06;Nan;Nollie;Lampbrecht
62-145-563-586;1980-10-08;Selia;Ty;Jevons
1-912-541-4920;1932-08-02;Leontyne;Laney;Edgeller
86-804-709-1526;1970-12-21;Lorianne;Jillene;Lambal
48-512-544-1955;1943-08-22;Paxton;Pauline;Vawton
1-305-722-2165;1953-01-20;Kenny;Ainslee;Longhi
54-892-649-5317;1937-01-03;Johna;Gibb;Varah
62-542-282-9987;1961-07-07;Lura;Haskel;Rands
92-949-495-4285;2013-05-04;Zsazsa;Brittani;Layborn
92-977-983-9622;1966-02-21;Sissy;Ragnar;Ripon
84-602-176-318;1944-03-20;Gib;Alejandra;Engledow
86-136-786-6199;1962-10-18;Luca;Ardine;Bault
1-661-529-2999;2019-03-29;Leigh;Genny;Ojeda
994-823-410-1864;1965-03-06;Brandy;Rosmunda;Daubney
1-961-385-5818;1960-08-08;Geoffry;Herschel;Popham
86-135-542-8089;2026-03-08;Malorie;Judd;Henric
86-233-170-9089;1971-05-22;Goldarina;Phillida;Goatcher
62-233-575-7750;1988-08-25;Preston;Georgia;Ladson
880-184-990-9133;2017-05-14;Sena;Isidore;Tricker
92-584-441-9583;2029-11-06;Reynolds;Bernie;De Dantesie
86-379-323-25;1951-08-28;Judd;Annabell;Dragonette
86-412-726-3853;1968-09-03;Brewer;Michal;Blest
66-227-114-6902;2018-06-08;Westbrook;Elianore;Knudsen
673-605-534-6930;1964-10-29;Gale;Guendolen;Lantuffe
27-854-522-8294;1991-12-27;Denna;Shirleen;Thurborn
963-519-408-9166;1953-10-03;Lauri;Flory;McAvin
86-454-735-3152;2021-08-25;Aleece;Ebonee;Bessell
86-548-401-4807;1938-05-02;Annecorinne;Dud;Phillcock
86-228-466-4700;1999-12-10;Arman;Colman;Ace
249-147-173-4256;1977-11-10;Thoma;Hubie;Heisler
46-348-900-5804;2001-09-09;Aubree;Marlena;Cocci
54-935-361-4110;1980-12-12;Shelly;Melicent;Fowley
380-439-827-5842;2029-11-01;Freemon;Natalina;Nuzzti
595-562-291-4804;1930-03-05;Rodolph;Gavrielle;Brea
57-143-850-692;1942-03-07;Bertrando;Gareth;Bottby
81-420-883-1964;2019-05-08;Gwyn;Florry;Swynley
351-387-715-1852;1967-07-23;Sarina;Jania;Courtese
263-737-235-4606;1994-08-07;Mahmud;Judd;Tschiersch
7-106-221-3813;1976-12-26;Salvatore;Aldin;Alans
66-860-867-9243;1939-03-24;Althea;Coralyn;Hastwall
886-158-753-4497;1990-10-09;Norris;Gilly;Lathleiffure
976-381-233-4742;1996-01-24;Buffy;Kellen;Churchman
994-357-633-36;2021-09-20;Amelita;Saloma;Van der Daal
420-511-718-1504;2018-10-03;Theresa;Sandye;Gue
60-253-625-6046;1944-08-18;Ariela;Hesther;De Ruggero
62-654-955-9834;1973-08-31;Merrill;Paolina;Soden
351-563-442-7442;2000-12-04;Sharia;Orsa;Tinner
86-958-210-3786;1947-04-15;Bibbie;Mindy;Bucke
63-950-282-7677;1989-04-27;Mady;Ashton;Willett
46-227-621-2075;1961-03-05;Lesley;Reagen;Stack
7-466-920-257;1991-01-28;Abel;Matthiew;Whitticks
86-972-543-9365;1972-06-11;Cybil;Marianne;Mulligan
86-295-830-2337;1988-08-12;Cecil;Ferdinand;Slyman
66-922-563-1322;2027-05-18;Lawrence;Eb;Sandells
420-613-403-3266;1998-04-10;Ken;Ginger;Dyter
260-230-602-6662;2004-07-31;Britte;Twila;Ivanonko
51-842-554-7327;1971-08-08;Catherine;Frannie;Stourton
31-952-301-7783;1973-01-13;Sascha;Oliver;Clement
502-572-317-4762;1941-05-22;Oralle;Bernie;De Dei
7-305-457-3245;1984-09-02;Aila;Vivyan;Longland
63-294-951-9059;1983-11-14;Dorine;Arlie;Foxcroft
63-941-598-5265;1953-05-08;Winonah;Marie-jeanne;Jonczyk
86-645-115-5433;1983-08-12;Rubi;Stanislas;Dallinder
420-822-452-4829;1946-04-16;Mahmoud;Vergil;Bewshea
1-666-260-9471;1965-07-01;Juline;Yorke;Veare
86-481-443-2948;1930-07-20;Meredith;Alard;Pinnion
966-365-230-7746;2015-02-13;Cissiee;Grazia;Gradwell
81-415-225-2030;1988-02-25;Lelia;Boonie;Nutley
370-601-252-1201;1962-08-03;Rudd;Lazarus;Kybird
351-421-595-6884;2019-12-03;Wendi;Dene;Gilbee
57-912-684-4077;1935-12-30;Edyth;Ebony;Van der Hoven
98-415-140-2350;1966-11-18;Wally;Frederich;Tunno
992-164-230-8129;1931-05-19;Dyana;Hanna;Janek
48-554-169-2289;2006-04-06;Lindon;Monti;Strethill
7-200-521-6780;2007-08-25;August;Fredra;Learoyd
86-768-818-7341;1971-11-26;Armand;Farica;Broome
352-791-618-2262;1978-04-12;Catlaina;Jeannette;Nerheny
46-525-389-3167;1995-12-22;Erinn;Gregory;Boyson
62-358-700-7710;1961-01-21;Elias;Almire;Cosgrove
355-525-458-6824;2010-02-24;Ellswerth;Emmott;Souza
387-387-221-211;1939-12-13;Russell;Minette;Scaplehorn
593-794-740-8047;2013-05-28;Bibi;Timoteo;Spurdens
420-814-817-8423;1998-04-27;Seka;Ruy;Allen
351-388-838-4033;1989-08-18;Sukey;Lenee;Hulstrom
63-570-348-5587;2007-11-08;Berty;Sherry;Beveredge
380-499-809-9568;2016-06-06;Jud;Gertruda;Shimmings
385-481-798-4716;1939-10-11;Wendall;Prinz;Roony
234-409-320-2821;1954-11-18;Sandie;Robina;Jordine
880-264-527-2008;1959-02-03;Riki;Pincus;Howen
51-753-290-8621;1995-07-22;Linnell;Lani;Fallowes
81-388-703-5528;1958-03-18;Cecil;Mychal;Berzin
86-116-658-7448;1961-12-30;Johnathan;Nancy;Hazeup
963-137-355-2083;1969-11-20;Fleming;Dru;Gresswood
55-124-585-9399;2006-09-19;Sunshine;Jecho;Tant
63-496-704-1508;1931-06-30;Jessa;Alessandra;Stancer
63-214-683-4953;1962-04-20;Damita;Sula;Hince
7-862-852-5002;1992-08-07;Reginald;Griffy;Mulberry
351-539-939-1742;1963-05-10;Jocelyne;Amii;Campany
86-496-273-4953;2007-01-02;Denys;Karlotte;Poytress
55-682-897-2560;2012-05-10;Emmalynne;Gan;Brill
63-144-671-9121;1986-03-19;Conchita;Zena;Edelmann
63-556-473-12;1984-06-20;Inesita;De;Caldecutt
86-251-683-1712;1932-04-04;Rutherford;Marvin;Woodier
33-911-576-8259;2029-05-10;Gianni;Allyson;Roddick
98-951-282-8131;1949-01-30;Augusto;Skip;Oury
86-925-380-3434;2000-09-19;Den;Dorolice;Rudeforth
62-234-269-5838;2020-05-20;Reynard;Caril;Hallbird
55-927-369-8354;2011-12-16;Bette;Arliene;Fernez
1-512-109-4628;1942-01-03;Arda;Berget;Bensen
62-594-668-7538;1982-04-04;Urbano;Daven;Ondracek
86-781-368-8566;2000-08-25;Aurora;Jdavie;Blazeby
63-147-234-4233;1968-11-09;Emanuele;Tiffy;Evenden
7-122-468-9014;2016-04-03;Elden;Orland;Kingsworth
387-415-349-4356;1938-01-31;Aldric;Aloysia;Whear
351-454-170-1696;1981-10-28;Delly;Mia;Caldera
86-879-242-3887;1974-05-22;Corina;Hana;Haborn
86-328-260-6974;1946-11-26;Etty;Audra;Esche
351-483-520-2022;1962-03-29;Nat;Clary;Eckley
33-696-126-2924;1933-06-15;Taddeo;Lorrie;Beverage
86-797-123-1289;2016-02-11;Kara;Inger;Clementet
55-414-153-1987;1967-01-25;Michael;Jacklyn;Benzi
7-422-580-2605;1984-01-20;Kimberley;Dov;Darbey
1-303-995-8454;1995-02-28;Harlen;Rinaldo;Tremontana
53-690-390-2834;1993-09-17;Othella;Terrye;Belone
993-615-332-1741;1986-09-13;Halimeda;Jarrod;Klimkiewich
504-916-606-2722;1958-09-01;Gerard;Maxie;Pinnegar
92-576-161-843;1992-09-30;Bradford;Shara;Somner
54-595-376-3765;1940-07-18;Christean;Rowe;Lambertz
355-138-664-7928;1964-07-10;Nikolos;Julita;Inch
48-482-994-1021;1949-05-03;Carley;Lyn;Slinger
46-244-804-5750;1995-10-06;David;Gordie;Lewinton
234-193-322-775;1930-08-05;Tammie;Gabbi;Dressel
48-226-939-8619;1940-11-12;Dorthea;Claribel;Blint
7-525-937-7760;2028-09-13;Ailina;Sari;Larraway
7-412-973-354;1975-04-07;Wilhelmine;Nicole;Kleynen
86-361-890-5840;2007-08-27;Betsey;Geordie;Willavize
46-360-820-2907;1950-08-14;Dosi;Niall;Kardos
976-957-774-5259;1940-09-28;Jarret;Freemon;Cordet
63-966-275-1082;1973-07-08;Jacinda;Webster;Wilder
92-219-478-2454;1990-10-28;Fredi;Bertrando;Martellini
62-568-107-7903;2015-02-15;Tamra;Dottie;Anders
63-789-868-9671;1967-05-04;Bank;Lauree;Nyssen
63-214-383-5207;1940-07-24;Arlin;Elset;Shorton
62-668-371-6136;1933-12-18;Hubey;Grantham;Heineking
353-158-740-320;1972-07-28;Calypso;Maddy;Jacop
46-451-938-9278;2015-08-15;Gayleen;Jacinthe;Magovern
63-590-434-372;1947-02-15;Dorothee;Judie;Lutman
86-944-786-2275;2004-01-08;Brandie;Charyl;Leathart
48-420-340-6397;2001-10-24;Rees;Gussy;McGrouther
66-876-476-5941;1949-01-13;Darin;Arturo;Heeks
48-926-371-7511;1941-09-26;Velvet;Rheta;Piwell
62-249-728-8598;2017-06-16;Neely;Sybyl;Blythe
251-138-743-6747;1955-03-16;Frederica;Dana;Antoniak
63-242-748-1436;1962-05-01;Jakie;Monika;Cutting
351-413-247-2460;1946-08-29;Dugald;Skipper;Hugnot
380-631-936-3620;2019-11-14;Piper;Jourdain;Corradini
62-206-441-6738;2005-08-06;Thekla;Ozzie;Chalcroft
358-714-155-5763;1966-03-24;Kelley;Ethelda;Pykerman
994-695-409-3151;1959-07-21;Charmane;Tracy;Calan
81-735-986-164;1974-03-21;Denyse;Torin;Marchbank
63-977-756-1750;1945-07-04;Ragnar;Cherish;Fadden
55-723-709-1532;1981-07-01;Danyelle;Annabella;Raith
66-493-758-4098;1961-07-08;Albrecht;Wesley;Amiss
254-201-192-1888;1998-11-10;Wade;Andee;Cantillion
82-815-187-1601;1995-08-21;Johanna;Stefa;Fransman
33-223-718-7517;1949-12-09;Suzette;Eveleen;Tolchar
62-237-245-1127;1987-10-28;Vinita;Ilyse;Angless
249-619-743-3851;1934-05-27;Cullin;Lois;Ornils
86-309-366-5220;1984-01-20;Rand;Fonsie;Hapke
7-871-439-5385;1957-03-27;Lin;Glynis;Batrop
62-302-863-5057;2009-09-30;Marthe;Rosemonde;Herreran
86-906-938-4591;1940-11-09;Darb;Cathyleen;Cornforth
86-422-460-3503;1992-06-17;Tania;Kalle;Dillway
62-953-258-3123;1969-01-30;Edie;Klemens;Jackling
33-661-865-5806;1953-09-10;Ilysa;Godfrey;Rylands
62-907-641-3465;1981-04-03;Shelba;Basile;Monsey
66-599-984-7098;2008-03-18;Bastien;Berget;Brough
234-199-529-4418;2008-03-28;Lonnie;Tarrah;Perin
86-294-629-1039;1967-08-16;Ana;Matthew;Langelay
54-274-780-2863;1963-12-02;Eleni;Angie;Bouts
86-172-197-5236;1948-02-13;Bryan;Garwin;Abbotts
353-961-340-6800;1970-08-13;Tyler;Clark;Bretland
7-367-988-9109;2012-07-19;Devin;Viv;Packman
62-217-393-2012;1956-02-17;Robinetta;Tammy;Mazzey
31-782-146-6767;2019-09-03;Rabi;Naomi;Stocky
7-260-917-7294;1931-08-25;Hogan;Rubin;Grunwald
46-652-674-4408;2017-01-27;Haskell;Aline;Jessop
7-516-758-2106;1988-03-22;Cherrita;Marcelia;McIlvenna
86-653-786-5101;1980-03-15;Hermine;Francesco;Kharchinski
595-541-113-6809;1958-09-29;Kania;Rooney;MacIntosh
55-621-758-5310;1977-06-26;Leland;Moreen;Gelardi
86-481-668-4759;1956-08-30;Tynan;Alister;Bonds
49-140-331-3156;2026-06-13;Ki;Lu;Mitroshinov
233-979-308-1171;2022-04-02;Durante;Druci;Peaseman
30-111-932-7550;1944-04-25;Zola;Waite;Churcher
54-914-569-8662;1965-10-12;Prudi;Crawford;Crannage
351-894-864-4361;2027-03-07;Sollie;Muffin;Raiston
33-200-951-8706;1990-10-13;Rosy;Cosme;Derrington
62-723-460-6651;1973-02-15;Patricio;Wayland;Roddick
385-446-685-35;2002-11-24;Conrado;Cordell;McMychem
86-860-354-6552;1979-09-05;Atlante;Ricky;Lates
81-684-870-6443;1985-07-11;Ashton;Anstice;Skitteral
44-883-369-2977;1964-09-12;Daniela;Hewett;Toghill
385-219-948-3750;1986-03-28;Sallee;Alvinia;Karlik
86-695-945-5196;1963-06-30;Cad;Dulcine;Augur
86-978-585-2807;1951-04-30;Micky;Calvin;Bowers
31-466-627-7258;1980-04-19;Yuri;Mallory;Baguley
52-309-700-1393;2021-03-31;Caressa;Joceline;Rehme
381-845-255-4555;1983-05-14;Emelyne;Claudio;Baroch
33-778-752-3676;1981-09-26;Giraldo;Ethan;Houndsom
86-447-188-3046;2006-01-06;Stevy;Crystie;Faraday
46-680-561-6879;2009-10-06;Roselle;Keen;Saby
86-554-847-115;2018-12-05;Alma;Leah;Hastwell
60-683-811-5755;1939-12-17;Norby;Stirling;Keyden
86-107-402-6354;1952-05-27;Arty;Mariette;Burgis
98-132-912-7674;1942-01-06;Hilarius;Dalenna;Steedman
62-716-614-464;1970-10-17;Charyl;Stepha;Gutherson
62-230-819-9843;2002-11-26;Fayre;Tally;Dicken
970-364-767-7592;1976-01-05;Conant;Nata;Brozsset
95-704-430-6924;1933-12-09;Violet;Robyn;Esslement
63-907-897-911;1940-02-11;Othello;Stormie;Elcy
86-130-440-7734;1943-05-28;Sigismondo;Lon;March
358-935-729-348;1974-01-25;Claudian;Nil;Dessent
86-422-827-7300;1979-04-14;Almeta;Berget;Symms
33-548-578-2425;2008-10-18;Karissa;Carlye;Donavan
7-862-417-139;2028-07-25;Phillipe;Jamal;Hayworth
7-300-343-1292;2029-11-18;Noelle;Heath;Oglethorpe
52-942-244-8653;2012-04-15;Purcell;Lola;Rahill
62-508-968-5968;1986-04-05;Ami;Clarita;Taye
62-624-746-7718;1971-07-26;Deirdre;Elsy;Naulls
686-905-375-8462;1973-02-02;Rudd;Dodi;Harvard
7-797-347-9371;2013-04-04;Hetty;Emelyne;Sumner
1-801-461-2115;1946-07-28;Torrey;Viv;Cornil
371-175-658-2361;1992-09-09;Marie-ann;Ashli;Mara
51-749-889-5701;1937-05-06;Lief;Shadow;Cavill
84-177-570-1123;2028-05-17;Edouard;Elfreda;Hayer
970-962-327-8898;1971-06-18;Nickey;Scott;Sousa
55-658-292-388;2008-10-28;Sigismund;Sallee;Iliffe
51-487-451-2829;2012-07-09;Brien;Trixy;Jaggs
86-567-478-7382;2019-05-29;Yoko;Neddy;Bassindale
82-260-217-6570;1980-07-04;Vinnie;Juanita;Siggens
86-756-411-9231;1993-12-21;Jemimah;Clarabelle;Anwyl
62-213-708-8587;1957-12-30;Christian;Deeanne;Leaver
7-667-776-5432;2006-08-10;Anne-corinne;Van;Brudenell
86-946-532-8682;2002-02-27;Jay;Cassandry;Abisetti
48-444-790-4073;2020-05-19;Curcio;Emmie;Rubel
254-304-132-3009;1999-12-11;Brittney;Leontyne;Zannutti
54-553-304-5926;1969-10-06;Mathilda;Bell;Canaan
55-298-475-9213;1971-05-10;Bridie;Maury;Drewery
86-169-886-4202;1984-09-17;Bruno;Normand;Fitzjohn
63-298-906-8855;2015-11-27;Benedikta;Alie;Dries
62-492-452-5666;1946-03-08;Fonzie;Kennedy;Polin
31-673-889-8975;1966-11-08;Sheela;Dennie;Simmgen
386-250-975-4565;1962-06-15;Lark;Dannie;Durnall
86-270-191-8957;1934-08-03;Kenn;Alanna;Scarse
86-377-532-6192;1994-05-27;Chad;Chiquia;Fosdyke
63-845-162-7482;1990-11-05;Melany;Lynnell;Morcomb
358-722-325-6714;1991-10-09;Margette;Wash;O'Lynn
385-992-316-5422;2027-05-28;Janna;Tuck;Broose
62-330-576-8700;1955-01-26;Yvonne;Carmela;Murfin
389-106-317-316;1941-07-08;Liam;Robbert;Willox
51-630-176-8673;1989-08-26;Selinda;Lanita;Walcot
351-639-520-8203;1950-01-11;Harli;Dru;Struther
46-148-783-6370;2022-01-31;Shaylyn;Clovis;Treske
86-427-904-2379;1970-04-21;Issiah;Celia;Dirand
55-718-338-48;1966-04-03;Neala;Leticia;Galia
86-329-485-5455;1986-10-03;Sally;Lois;Aguirrezabala
356-421-815-5838;1968-11-21;Emile;Andres;Rizzini
81-480-803-18;1946-04-10;Jeramie;Allin;Agglione
7-403-881-1455;1979-05-09;Faunie;Arleta;Curnok
62-375-356-4458;1976-02-03;Odille;Em;Lochhead
351-220-341-7574;1969-06-17;Amy;Sherwood;Legate
86-216-607-7218;1949-07-19;Ogdon;Lincoln;Brawson
420-217-428-5480;2013-02-02;Adria;Cacilie;Keddle
7-442-315-3489;1970-10-13;Wash;Helga;Jaray
374-394-490-5341;1962-08-26;Carmencita;Helenelizabeth;Boules
27-262-632-5126;1930-03-29;Bel;Fayth;Noweak
7-945-765-4010;1939-10-23;Jayson;Jule;Tabbernor
86-910-782-4381;1930-04-18;Harrison;Patsy;Minkin
507-896-571-4261;2011-01-09;Lacie;Hyatt;Harbin
237-419-150-9977;1975-10-09;Shandee;Minnaminnie;Kellington
7-943-714-8679;2004-10-28;Bevon;Mikkel;Gudahy
52-408-656-3699;1968-06-22;Mickie;Charin;Tharme
63-968-719-2654;2009-12-02;Karlotte;Bastien;McGoon
48-169-184-2677;2006-06-01;Matthias;Culver;Twede
1-412-347-5158;1983-11-29;Eloise;Clare;Allnutt
62-880-398-7128;1932-05-27;Milli;Dolf;Meadus
1-899-540-3224;1951-03-04;Aaron;Murielle;Borles
63-929-516-7959;2004-06-09;Caddric;Adelice;Filipov
31-578-827-8195;1973-05-19;Jareb;Jarrod;MacConnel
51-977-491-1111;2015-03-21;Lise;Alaric;Berntssen
86-529-999-7536;1949-04-01;Jacinta;Fabien;Leadbetter
55-740-280-2050;1990-03-03;Ronny;Mercie;Greenroa
7-540-730-8693;2013-03-08;Jasun;Chelsy;Kettoe
234-239-552-4401;1991-09-11;Trista;Clayborn;Spinks
86-938-105-1889;1956-02-10;Buddy;Rozella;Warton
46-302-373-469;1987-03-19;Jillian;Giralda;Cheine
81-992-325-7936;1946-03-15;Chet;Martita;Greenacre
503-917-590-6959;1984-04-01;Gerald;Gwendolin;Asman
359-116-925-6097;2019-10-17;Fidole;Fleming;Brandenburg
62-648-750-6143;1931-08-12;Clementina;Richmond;Carss
63-149-877-1474;1933-05-12;Walker;Josie;Fri
269-997-119-6903;2002-11-15;Bearnard;Jacki;Nafziger
33-798-823-6098;2001-04-16;Jesse;Wally;Dunan
1-567-449-8008;1996-08-14;Dell;Hugibert;Ridel
963-363-853-8304;1971-04-12;Antone;Aurlie;Maase
7-748-354-2470;2016-01-01;Hillie;Arlette;Linster
30-190-742-2156;1958-05-03;Sarajane;Bambi;Rigardeau
84-400-583-8833;1949-12-17;Lawrence;Sula;Crossby
57-867-744-4830;1992-01-23;Simonne;Mady;Billham
86-279-632-888;2010-03-06;Liesa;Eamon;Lewens
34-604-183-1720;2020-11-13;Esmeralda;Nikolai;Camili
383-608-123-7402;1972-07-18;Janela;Janice;Teale
62-261-179-3511;1952-06-16;Arney;Phebe;Rittelmeyer
593-611-727-7631;1948-02-02;Chet;Gawain;Lockyear
381-950-840-3981;2009-06-22;Darrelle;Dallon;Thridgould
33-864-290-9665;2014-05-06;Wake;Nike;Hawton
1-205-300-4529;1972-12-12;Ruthann;Emmey;Filinkov
1-775-275-5997;1948-07-10;Belva;Emmie;Thirtle
1-488-968-8409;1959-08-05;Elana;Rustie;Matthews
46-180-316-3221;1953-05-10;Bria;Arabella;Room
86-283-694-2469;1967-03-24;Alex;Finley;Gallahar
86-240-639-804;1942-07-22;Kittie;Stan;Wanka
86-743-341-9650;2014-03-27;Loydie;Gayel;Torresi
353-725-586-8675;1957-12-03;Adi;Edith;Cherrie
62-387-904-6617;1971-09-21;Ondrea;Costanza;Mc-Kerley
220-207-352-4466;1930-07-22;Herby;Gaven;Kitcher
66-326-840-9274;2027-07-22;Colene;Giana;Corbet
55-119-582-1444;1981-06-05;Grethel;Ancell;Ionesco
33-872-173-4628;1935-06-13;Pyotr;Molli;Renton
51-496-651-4847;1938-08-11;Joelle;Timothee;Boucher
967-758-530-3140;1936-04-24;Bernardina;Fania;Castaneda
381-871-554-7237;1946-10-15;Becky;Faulkner;Delleschi
55-438-970-2578;1965-12-07;Fonsie;Tamar;Busen
385-200-590-8527;1948-08-08;Gilly;Richart;Commins
358-193-871-4382;2016-03-14;Mar;Thorpe;Fursse
7-339-436-6392;1948-04-14;Jamey;Amble;Blackboro
1-336-471-8166;1970-01-22;Wanids;Bride;Fenech
86-180-974-5129;1994-06-10;Lothario;Michelle;Pettet
86-553-487-163;2018-08-03;Filip;Timi;Hannigan
387-545-307-7203;1931-02-26;Dorelia;Dieter;Vaisey
86-755-232-2857;1930-08-17;Raquel;Humfried;Kemmis
62-492-489-330;1930-06-07;Huntington;Ollie;Barnsdall
1-253-605-7843;2005-11-01;Tory;Margy;Prince
66-244-422-961;1939-03-01;Levey;Rea;Youthead
33-698-511-9685;1966-06-07;Biron;Dalt;Fereday
230-106-271-9112;1996-07-31;Roderick;Pavia;Knotte
86-773-481-9473;1983-10-22;Brandice;Kory;Busson
380-726-938-6879;1991-02-22;Agnella;Delbert;Haswall
86-480-559-4343;2016-03-09;Frederick;Burnaby;Kynder
56-650-794-6556;1974-01-09;Roger;Antonio;Elsip
33-593-585-5343;1965-07-03;Lurleen;Sully;Shaxby
254-626-523-5922;1972-12-15;Adrea;Leodora;Rous
389-745-579-9737;1993-10-31;Zondra;Lulita;Knoller
86-129-331-4068;2005-02-13;Toni;Cherilynn;Robrow
63-414-656-872;1943-10-14;Nettle;Trudi;Gaggen
380-946-398-505;1962-08-19;Kimmy;Daffi;Grovier
223-661-137-3531;2006-10-11;Aila;Fonsie;Huggin
86-362-321-0;1979-12-21;Jordan;York;Cornuau
351-718-289-5537;1984-08-31;Reinhard;Ines;Kerkham
48-542-362-6814;1970-10-24;Carolyne;Neila;Brooking
63-453-375-8353;2007-07-17;Nester;Nickie;Dunrige
1-267-186-2193;1956-11-01;Nappie;Hortensia;MacCorkell
53-500-366-6979;1985-05-12;Tito;Angelica;Creamen
371-269-108-2779;1975-02-15;Hortense;Brice;Greneham
48-560-726-1735;1935-09-05;Ginni;Greer;Englishby
385-221-540-4860;2017-01-07;George;Saundra;Lake
34-727-276-3002;1951-01-26;Kara-lynn;Murial;Fussen
386-884-774-1505;1976-10-23;Gerardo;Randie;Airey
381-988-714-1510;2012-12-21;Lucita;Nicola;Boddymead
86-473-126-8709;2022-03-31;Joshuah;Sallyann;Pittendreigh
49-230-640-5028;1970-02-19;Bryn;Reiko;Dils
63-886-121-9830;1939-06-04;Lanie;Marwin;Aubrey
504-683-662-2761;1940-08-16;Sheffie;Alec;Ballintyne
420-238-549-5955;2015-05-27;Marlowe;Libbey;Trebbett
380-540-926-1150;1939-10-13;Waverley;Allegra;Bromidge
1-920-862-4923;1991-09-24;Madalyn;Jesse;Evison
46-280-956-469;1981-06-14;Elaine;Artur;Mewburn
7-803-120-6058;2019-01-15;June;Salomon;Jakeman
55-840-624-3187;2008-12-16;Leoline;Darcy;Fronzek
976-545-597-4272;1993-11-04;Ag;Dal;Lumsdaine
55-163-641-744;1949-05-31;Zack;Arabella;Ashtonhurst
420-300-995-6980;2015-05-18;Ariela;Hendrick;Roderigo
256-289-621-7224;1947-03-14;Devan;Hannah;Etheridge
63-933-185-7905;1939-04-17;Lishe;Merle;Melville
7-608-408-8140;1967-10-13;Gearard;Emmi;Devo
84-696-620-9536;1944-12-17;Cord;Klara;Bomb
385-892-773-3396;2004-11-01;Beatrice;Matty;Janoschek
86-872-216-4182;2008-12-20;Maura;Sharyl;Treswell
63-917-832-4345;2026-08-22;Gillan;Mandy;Eyles
48-681-297-301;1933-09-05;Ive;Elita;Berecloth
86-441-882-4728;2026-08-10;Appolonia;Ibby;Massey
420-679-351-6863;2029-03-11;Joaquin;Archer;Ledster
251-935-648-747;1991-02-26;Allyn;Mirella;Quiddinton
7-615-442-9693;1931-07-17;Kacy;Bastian;Starton
52-578-428-1046;1953-09-08;Mureil;Renard;Woodard
54-331-947-2603;2003-03-12;Artemis;Ginnifer;Winterson
46-348-139-1193;1953-05-04;Viki;Dix;Kubczak
420-628-701-2526;1987-05-26;Ardisj;Borg;Courson
81-634-715-7804;1964-02-01;Cthrine;Ddene;Keuning
63-748-908-2998;1939-06-29;Doll;Bowie;Waiton
63-670-918-5798;1981-07-09;Royce;Allard;Burbank
82-340-598-0;1997-11-12;Nikolos;Calli;Pearman
86-717-797-42;1956-10-31;Jecho;Talya;Phil
30-826-171-7497;1961-10-09;Yvor;Lutero;Tanman
86-339-630-253;2015-07-17;Harlan;Viviyan;Kenward
63-262-252-3072;2020-12-10;Christean;Caressa;Woodwind
7-164-446-5802;1943-08-08;Darcy;Gerladina;Benedek
86-853-488-9991;1946-03-09;Kaitlynn;Berna;McSweeney
7-115-330-8202;2003-09-17;Lois;Josy;McDuffie
966-194-256-9257;1966-07-03;Kendall;Farra;Dayment
54-826-453-6800;1957-03-17;Janeva;Dniren;Mordon
63-193-779-9923;1973-08-21;Melosa;Base;Edensor
86-332-141-8303;2017-03-29;Sophey;Obie;Beaglehole
7-784-197-9448;1978-05-02;Freddy;Wolfie;Karlsson
1-918-334-4491;1988-10-23;Stacy;Hiram;Dives
62-464-873-1566;2001-01-05;Rafa;Adda;Clooney
1-206-653-3484;1990-03-02;Vernor;Jerrine;Lippett
48-263-829-8729;2011-10-05;Blondie;Barnabe;Symson
62-751-472-1330;1944-11-17;Coretta;Kerry;Liggett
86-932-198-2676;1999-01-21;Margaux;Roz;Elfe
86-770-171-6779;2014-07-14;Logan;Elias;Belham
86-761-869-4059;2020-12-23;Catherin;Haslett;Osanne
55-627-837-4940;1972-08-29;Tully;Ameline;Mynard
62-557-337-5964;2013-09-28;Gwennie;Filmore;Docwra
236-669-973-4754;2028-07-26;Ali;Idette;Liles
63-900-168-1523;2005-02-05;Linn;Aveline;McKevitt
62-553-919-3074;2029-04-11;Elnar;Che;Edlington
7-939-663-3762;1995-08-26;Fina;Orelle;Bartol
62-403-671-1262;1956-03-21;Bonita;Corty;Barsby
62-221-616-9249;2021-09-22;Darell;Seymour;Ellif
86-162-342-7080;2018-06-08;Felipe;Franchot;Dooman
1-848-851-7593;1999-01-09;Franchot;Elisabetta;Tedder
386-532-187-2720;1997-10-30;Rachael;Sheff;Cunniffe
86-941-938-7032;1960-10-14;Minna;Aubert;Peare
81-280-231-646;2018-07-08;Orton;Rafaello;Idill
972-176-413-5610;1941-12-19;Tabatha;Brian;Ioselevich
57-143-597-7402;2005-05-02;Mable;Lorri;Seale
1-779-948-3496;1994-11-28;Nola;Wally;Risbrough
62-742-100-334;1973-08-04;Lotta;Gardy;Boule
880-306-442-1433;1996-05-25;Henka;Kirk;Spender
86-620-200-8135;1976-10-13;Mora;Abbey;Studman
1-337-299-8635;1994-07-04;Charis;Tait;Bugdale
51-806-206-2373;1942-11-01;Fairleigh;Twila;Doughtery
55-525-348-3474;1964-12-21;Malia;Delphine;Bigglestone
86-539-113-6919;1978-07-06;Shelby;Tod;Lamberti
352-674-115-956;1984-02-19;Bertina;Rubie;Sams
84-849-394-6037;1990-02-23;Zelig;Davis;Bowld
81-556-186-9629;1970-04-29;Alyosha;Gunar;Lauret
48-252-859-1680;1985-07-15;Hurleigh;Gus;Hammatt
46-837-562-7222;1978-12-10;Brena;Hugibert;Abramamov
7-739-220-1162;1964-06-27;Shaughn;Kelcie;Reis
502-303-820-2875;1941-10-04;Pippy;Ruthy;Yoxen
30-285-958-2966;1937-03-10;Evanne;Lorin;Overil
55-110-794-1768;1993-07-17;Tyson;Kiley;Alsop
7-532-704-8379;1936-08-10;Gianina;Drugi;Dahlborg
62-802-913-4090;2029-12-03;Ogdon;Barb;Izak
1-390-863-3111;1942-01-09;Sarette;Paddy;Legate
86-396-563-3993;1972-08-27;Timmie;Yolanda;MacRedmond
63-464-355-4765;1958-09-25;Paulie;Scotti;Joan
86-490-865-7200;1930-10-31;Fraze;Base;Wilby
46-712-437-4806;1961-08-25;Claudelle;Baily;Habbema
33-424-765-7919;2006-11-06;Grier;Janela;Brydell
84-899-847-2537;1990-05-30;Morgan;Kerstin;Marling
86-681-938-3076;1999-03-01;Tadeo;Karee;Niese
84-309-698-261;1973-10-05;Agnes;Lukas;Marchelli
86-173-693-8350;1965-10-23;Moria;Eryn;Tunnah
86-574-463-3877;1931-10-15;Karl;Molli;Pendergrast
51-414-104-3756;1996-03-27;Zackariah;Shannah;Arnald
86-789-151-4123;1942-07-11;Juditha;Maridel;Luttgert
373-188-894-1186;1935-07-08;Drake;Demetrius;Pyser
62-189-320-6067;1977-07-01;Florella;Leola;Yerson
351-583-689-467;2010-09-03;Derick;Ferdinand;Berkley
358-480-331-2224;1973-12-21;Way;Sherry;Olive
46-914-660-7996;1999-08-24;Pauline;Ainslee;Bowne
371-511-276-3587;2007-07-22;Raynell;Kimmie;Cordoba
234-799-839-7893;1994-12-10;Elbert;Trenna;Joannic
358-967-987-6976;1957-11-30;Aubree;Leisha;Zelner
48-125-316-8177;1993-10-11;Antonio;Johnna;Gaskarth
41-193-833-201;1956-02-12;Laraine;Arlina;Rosie
63-804-823-9362;1961-04-07;Lizette;Burt;Jain
62-946-902-6303;1963-07-25;Bettye;Sindee;Diplock
7-556-668-3468;1942-11-17;Fawnia;Morgan;Wellings
92-379-941-3105;2000-02-06;Reyna;Conan;Joerning
351-939-594-9721;1965-01-14;Dael;Dael;O'Cannon
420-501-368-1110;1976-04-19;Blondy;Debby;Muir
351-422-448-7866;1989-01-31;Vic;Margarethe;Tesdale
972-646-650-8964;1971-03-16;Alard;Lillian;Strange
86-979-862-852;1937-08-23;Pepillo;Charyl;Whittlesey
98-961-546-1731;1986-06-15;Feliks;Gaultiero;Badder
254-864-692-7088;1973-12-17;Adoree;Olwen;Sterman
55-496-988-2289;1988-03-19;Cathie;Neely;Leggs
52-341-637-2213;2021-04-19;Gram;Adele;Stillman
86-430-631-7464;1986-10-01;Ardenia;Forster;Waterhowse
98-143-190-3344;2003-01-08;Gaspard;Cherey;Thursfield
33-945-444-2893;1980-02-19;Gib;Ami;Blackesland
7-546-701-9566;1979-09-28;Sheila-kathryn;Crin;Merrigan
55-114-466-9683;1968-11-26;Mateo;Mireille;Lautie
598-311-815-8459;2014-07-21;Katine;Collie;Rentelll
54-561-207-7350;1974-11-21;Jennette;Baxie;Jacob
353-189-284-2287;1941-01-08;Dallis;Philis;Ciraldo
63-560-239-2085;1998-05-16;Jase;Paulette;Saunier
86-578-574-5050;1978-11-02;Tibold;Cherrita;Pechan
996-963-943-6996;1973-03-06;Katleen;Lettie;Yakubov
353-722-886-9043;1949-12-09;Wood;Harp;Delepine
84-986-514-9923;1966-09-06;Alana;Olenolin;Lightbourn
380-735-691-2196;2019-10-29;Cos;Stanly;Bergin
62-473-495-7326;1958-07-17;Isabella;Donn;Haire
62-224-650-8056;1990-09-01;Thaddus;Lainey;Bassam
351-715-674-4595;1953-01-25;Starr;Olva;Aps
254-671-871-8322;1990-05-13;Giavani;Sydelle;Livermore
63-969-886-7830;1980-10-29;Fabe;Staffard;Lowthorpe
86-832-786-5939;2020-03-20;Cristabel;Marlo;Lyndon
86-655-203-6308;1991-03-07;Oliviero;Edik;Diack
48-501-895-6303;1962-12-20;Phyllys;Donelle;Bradnock
372-171-457-2572;2003-01-28;Winnie;Geoffrey;Ife
86-590-442-1828;1933-04-03;Heall;Siouxie;Feaveryear
57-756-764-3594;1948-12-31;Carmine;Maje;Laflin
81-571-271-4161;1963-07-18;Darby;Malissa;Lyles
63-768-438-976;1993-12-09;Olympia;Brook;Hanton
7-736-469-6014;1957-02-25;Orlan;Jewell;Dufaur
86-103-356-4027;1965-06-20;Virgina;Clarance;De Lisle
1-305-830-5704;2012-05-07;Marlane;Pavla;Curnow
66-150-347-9952;1962-02-11;Callean;Florance;Keenleyside
62-190-442-3340;2009-06-25;Cele;Saidee;Gregorio
7-372-206-3485;1939-04-25;Ali;Ethelyn;Southerden
52-249-865-8840;1951-12-02;Esta;Pearla;Sauvain
86-511-449-7818;1930-05-04;Hall;Olenolin;Cordery
62-781-260-8919;1968-05-12;Theodoric;Greggory;Ambrogelli
1-338-153-4237;1962-10-10;Elke;Buck;Cridlin
58-879-621-7721;1979-08-19;Rozamond;Roberta;Donneely
86-790-593-8163;1949-01-04;Mira;Emogene;Tiesman
7-818-676-6790;2029-06-05;Susi;Candy;Poleye
351-439-980-3911;2010-09-13;Dudley;Tris;Cogar
62-202-310-9300;2021-01-17;Teresa;Babb;Whettleton
57-575-368-6774;1935-08-13;Nobe;Nariko;Colisbe
86-585-677-7245;1938-08-29;Hildegaard;Arleta;Ratt
62-685-551-4267;1932-06-09;Donny;Toma;Hanhardt
7-244-440-5604;1934-12-09;Shayne;Lusa;O'Neal
420-582-183-9208;1951-02-17;Theobald;Sigismondo;Cowtherd
86-796-119-4775;1964-11-07;Dud;Axe;Towey
55-780-883-3960;2004-06-23;Jennica;Delcine;Treadgall
46-907-766-226;1947-07-30;Kaile;Sidonia;Arrighi
62-244-262-4650;1997-05-20;Verne;Feliza;Lawrenceson
86-470-904-6581;2002-05-29;Sadella;Bethany;Brimm
7-597-868-8583;1938-02-26;Anne-marie;Merilyn;Mcmanaman
61-186-922-2730;1991-12-18;Stella;Jacki;Gallant
355-522-898-6476;1979-01-07;Fredrika;Brantley;Rembrant
55-452-435-4042;1994-06-14;Sibley;Ignaz;Stuffins
54-151-163-8058;1938-10-07;Hersch;Klarika;Strafen
7-883-197-5540;1983-10-22;Cherianne;Georgy;Facchini
55-758-113-539;1999-10-03;Gonzales;Amandie;Vannoort
86-115-426-1395;2001-01-31;Louie;Mellisa;Baiden
51-957-290-6050;1988-10-19;Grissel;Frazer;Frackiewicz
1-917-724-6229;1980-05-01;Anallese;Gwenny;Norheny
242-604-350-3180;1948-06-26;Emera;Rem;Shobbrook
63-483-877-5857;1992-04-25;Verne;Merwin;Sapauton
86-456-468-6071;1962-10-15;Chad;Sumner;Dietsche
62-330-764-8024;1971-11-05;Glennie;Neila;Izzat
62-195-856-9171;2010-03-29;Martie;Neysa;Luckwell
36-711-857-6032;1930-11-13;Bertrand;Theadora;Guislin
62-947-977-5342;2004-08-09;Vania;Davide;Hacquoil
505-253-542-2906;2013-01-27;Terza;Katrina;Passingham
1-343-754-8274;1968-03-15;Charleen;Val;Itzig
86-841-393-2216;1970-05-10;Arden;Gaylord;Lawlan
62-822-128-2462;1985-04-26;Suellen;Addie;Blanshard
63-932-550-4815;2019-12-12;Talbert;Burgess;Mulbry
46-720-428-7047;1991-09-14;Kimberlee;Alex;Kingman
1-778-432-9938;1999-07-23;Frederik;Alexis;Lakey
7-741-232-9917;1948-09-27;Bart;Porty;Kelner
62-242-571-4151;1974-11-30;Jamill;Orelia;Sandeson
86-729-565-3566;1934-11-26;Adda;Seline;Larchier
225-914-191-8642;1936-10-23;Lynette;Alexandros;Villar
81-502-435-4944;2012-01-23;Dean;Cynthia;Mansour
48-526-332-6984;1932-09-10;Elysha;Dian;Gemlett
970-361-284-2170;1982-02-25;Paule;Warden;Cullen
1-469-688-6396;1984-11-22;Emory;Elissa;Fuchs
7-895-143-2383;1976-02-01;Jonathan;Corey;Faley
7-601-395-9460;1937-02-21;Lizette;Kienan;Willshaw
86-445-162-8849;2016-11-07;Jerrie;Brewster;Grece
81-185-847-5354;2009-02-03;Bernadette;Max;Ruddoch
263-724-191-6697;1998-03-13;Reta;Rica;Harker
62-934-445-5832;1980-11-24;Brittney;Jervis;Straun
86-285-837-6806;1992-05-03;Ignaz;Giselle;Manilove
423-226-531-642;1994-12-08;Red;Angelo;Van der Beken
7-689-238-2791;1962-10-21;Albertine;Gayla;Renackowna
86-522-518-8160;1930-11-30;Karalynn;Adamo;Willden
7-888-773-3680;1982-01-17;Corby;Rennie;Ascough
962-375-608-4082;2015-02-02;Curtice;Hildy;Ledekker
47-947-726-480;2005-05-14;Guillaume;Rozella;Roget
7-623-307-4899;2026-04-02;Fedora;Billy;Semour
86-228-164-96;1968-04-29;Pancho;Rubie;Bartul
7-205-307-6892;1978-09-15;Belia;Shandee;Sloegrave
33-476-794-8009;1992-12-22;Georgetta;Carissa;Demke
504-681-979-3271;1968-09-23;Blanche;Kearney;Craddock
962-216-241-7129;1982-11-17;Amber;Donnell;Sugg
86-768-691-4537;2003-02-12;Calvin;Nowell;Boyfield
86-922-455-3607;1974-09-24;Renard;Kerrill;Bondley
86-606-476-854;1988-04-10;Ogden;Rozele;Domenico
86-695-228-1641;1979-03-13;Bernelle;Harwell;Cansdell
58-910-762-3342;1942-12-23;Dosi;Briggs;Pasterfield
62-699-611-2159;1969-03-14;Sophey;Odelia;Trewett
994-955-535-1595;2001-07-17;Nada;Rosabel;Beahan
7-757-901-8570;1947-03-15;Agathe;Neala;Dametti
33-947-838-6295;2008-07-03;Murdoch;Kienan;Acklands
7-687-349-3003;1950-01-12;Juliana;Fayette;Mangenot
62-939-857-8171;1936-10-20;Clerc;Coop;Cothey
62-373-493-6183;1942-12-18;Simeon;Helge;Moxon
86-352-163-7440;1958-08-09;Gussi;Mireille;Thorrington
48-209-752-9078;1978-12-29;Vivianna;Austine;Braunlein
62-995-464-682;2027-01-04;Lloyd;Kimberli;Ovens
46-950-950-1392;1944-09-19;Maxim;Jessica;Pothecary
86-642-953-2538;1998-05-10;Kathie;Sayres;Zute
86-841-918-3461;1987-11-25;Charlie;Corinne;Mullis
62-683-615-6445;1964-12-10;Louie;Alf;Mace
86-254-202-5312;1979-10-03;Tobie;Fanni;Enderson
86-574-498-5987;2004-03-17;Jessa;Chaim;Webb
7-650-480-1301;1989-04-22;Ced;Drucy;Alberti
66-724-513-1747;1977-12-05;Ignazio;Markus;Gatehouse
62-602-218-10;1945-03-28;Alissa;Maybelle;Dorward
55-928-219-7630;2022-02-11;Hale;Stanislaw;Dowe
62-654-743-1267;2020-12-10;Reba;Ignacius;Barriball
86-913-771-6928;2018-11-18;Florencia;Elberta;McKerron
30-397-243-4610;1933-06-07;Emelina;Lavinie;Simonyi
44-844-389-1796;1960-07-28;Kathryne;Guglielmo;Phillput
63-247-643-1032;1997-10-29;Cymbre;Nettle;Arlott
66-469-898-2771;2012-08-09;Lindsay;Faith;Kyllford
48-280-648-9998;1978-02-04;Link;Aubry;Rosenblad
63-715-946-1186;2001-02-13;Hamil;Xavier;Gilders
48-296-809-975;2018-03-05;Adaline;Silvester;Hans
504-965-613-7252;2015-04-05;Ann-marie;Willie;Polamontayne
61-473-846-909;1956-12-22;Martino;Jamal;Villa
256-758-197-7523;1962-11-02;Molly;Linn;Godsafe
504-227-922-609;1972-07-08;Steffen;Celeste;Durdle
381-261-131-2028;1974-09-21;Kitti;Ogdon;Harmston
84-935-553-8177;1931-02-07;Terza;Eamon;Gately
62-600-733-7850;1999-04-07;Merline;Kasper;Tiffney
93-834-739-9064;1965-06-29;Dolph;Merralee;Inglese
234-557-829-6923;1946-11-20;Hughie;Ive;Ellams
86-528-981-8750;1968-04-24;Eveline;Hendrika;Palmer
98-275-678-2636;1958-06-03;Roch;Reese;Landeaux
86-649-771-5349;1986-04-26;Thor;Jard;Clemendet
31-305-289-8712;1949-12-28;Janene;Arabel;Hastie
98-114-781-4646;1970-09-02;Irving;Marylinda;De Benedetti
86-419-323-6678;1994-08-24;Renado;Jean;Rutty
48-316-845-8315;1958-08-08;Saundra;Jourdan;Sorel
55-618-278-749;1964-03-04;Adelheid;Peggie;Feechan
48-263-910-2893;2001-12-29;Ugo;Shaine;Spreull
7-105-694-8904;1997-07-04;Codie;Gabby;Sondon
62-238-514-8407;1995-03-05;Hartley;Wain;Greenroad
46-331-624-4492;1976-12-06;Roscoe;Terrie;Barras
351-477-951-4003;1974-08-16;Giffie;Merridie;Oslar
351-706-829-5718;1947-07-18;Alvis;Elsa;Di Biaggi
86-914-131-7023;2007-03-27;Claudia;Lorilyn;MacVagh
7-736-170-8368;1975-12-05;Cobb;Florie;Northcott
86-963-901-3244;2029-11-11;Agnese;Cobby;Danielot
33-913-372-8884;1964-12-17;Charlene;Curry;Giacomucci
92-725-252-2948;2010-08-06;Chicky;Marthe;Vigurs
95-232-720-2113;1979-09-03;Lory;Bastien;Beckworth
62-377-958-2281;2022-01-01;Caralie;Langston;Muris
7-691-692-7878;1969-09-27;Charleen;Katharina;Treend
86-452-704-8413;2007-04-05;Darrel;Nicol;Andrus
66-464-338-1029;1970-04-22;Horace;Virginia;Cowe
33-918-730-9365;1951-07-27;Austina;Jacquetta;Hulcoop
60-297-967-4973;1989-05-19;Cammie;Burnard;Phuprate
54-208-193-436;1939-01-12;Giselle;Teddie;Janik
93-599-234-7466;1989-10-16;Wade;Emylee;Sommerlin
374-615-334-3294;1940-07-11;Janina;Byrle;Waliszek
886-733-996-8005;2017-02-26;Carlota;Mirna;Lemin
86-235-539-4400;2011-12-30;Phil;Ellynn;Pinock
81-721-170-2287;1937-12-15;Fernanda;Jody;Ketcher
237-630-133-3130;1938-12-04;Hubey;Briggs;Gofford
86-753-228-10;1940-09-20;Vivien;Fanchon;Thiese
92-949-150-4472;1939-07-31;Rad;Koren;Ballaam
63-776-741-5609;1993-12-25;Clarke;Rona;McVaugh
62-558-609-8341;1949-07-28;Sheri;Alisha;Cadwaladr
375-685-115-808;2018-01-14;Niki;Der;Membry
62-505-460-3729;1974-02-14;Shanan;Merla;Hedgeley
233-247-310-5288;1933-10-19;Tonie;Courtney;Keerl
229-482-977-66;2000-10-05;Ketty;Magda;Tollow
375-620-494-8153;1964-03-06;Tiffany;Bev;Bridden
33-972-526-2412;1959-12-17;Darsey;Constancia;Hawkslee
57-455-406-6566;1946-07-01;Rufus;Maridel;Ferreira
48-755-113-4172;1951-05-12;Herc;Elicia;Sowthcote
86-501-765-3476;1961-10-22;Rodrigo;Noll;Oag
86-475-769-2456;1961-03-12;Perry;Nesta;Congram
7-741-408-1628;1957-12-18;Marjy;Rikki;Gopsell
46-674-450-968;1981-04-04;Vikki;Mahala;Conws
62-504-361-1370;1987-02-11;Ange;Lisle;Shepard
63-166-414-3159;1994-06-04;Annalee;Torrance;Lowther
81-584-174-6443;1994-07-16;Jacquette;Richy;Rabb
62-366-455-6058;2004-03-12;Cathie;Chelsie;Waudby
591-607-737-5971;1971-10-07;Caterina;Britni;Graine
63-332-297-1596;1991-07-25;Vasilis;Rice;McMorland
86-865-657-1654;1965-12-05;Dorothee;Marsiella;Hugueville
62-148-246-1296;1992-10-29;Anthea;Marlon;Naptine
389-778-617-9753;2008-12-19;Denys;Shoshana;Cargon
86-205-557-7392;1931-05-26;Stacey;Brendon;Foxall
63-453-518-1190;1958-08-05;Ram;Antoinette;Ockland
63-605-779-1918;2001-12-15;Elton;Massimiliano;Behnen
55-815-367-2546;1944-11-10;Shell;Oneida;Osboldstone
55-530-504-7449;1984-06-22;Reeva;Bernardina;Antoniewski
51-690-583-3450;2016-02-28;Daile;Salome;Jakoubek
63-500-928-39;2020-01-28;Ollie;Shantee;Macbane
63-471-283-9226;1950-11-01;Edd;Emanuel;Atthow
46-539-765-1651;1971-08-31;Beverlie;Ramon;Dogg
46-588-345-5466;1993-04-17;Stefan;Aaron;Foxten
86-581-191-7402;1934-04-30;Noelani;Tedman;Maffucci
504-814-271-9744;1975-12-28;Lalo;Bette-ann;O' Cuolahan
502-241-585-6575;1975-12-03;Truda;Larisa;Sandhill
856-287-783-2791;2021-03-21;Morie;Ardella;Erley
62-963-770-1946;1941-02-02;Kylen;Donnajean;McIlenna
46-717-213-3321;1988-12-28;Edie;Trixy;Wintringham
55-194-549-1133;1986-05-31;Sari;Malva;Dunphy
57-401-930-6579;1999-08-04;Marcos;Guglielmo;MacFie
55-574-388-7666;2015-09-22;Roger;Rosabelle;Mathelon
86-231-638-4836;1987-12-22;Janice;Freeman;Gantlett
48-523-483-6448;2011-10-17;Lucas;Ediva;Chable
55-776-437-3786;1953-11-30;Coleen;Buddie;Remington
63-102-455-1986;1930-07-11;Killie;Colet;Fulker
30-890-339-7233;1933-12-07;Moselle;Koral;Willman
63-318-158-4104;1964-05-26;Alvy;Frazer;Oxbrow
976-768-664-9899;2010-01-15;Conni;Elysee;Getten
86-355-706-8944;2015-03-13;Bee;Cyndie;Claybourn
60-130-791-802;1974-01-15;Sissy;Emanuel;Lemonnier
66-288-871-396;1965-07-26;Rosalinde;Zedekiah;Benninck
1-543-221-8190;1952-12-06;Norbie;Carolee;Goozee
86-743-679-2194;1992-06-17;Rhonda;Darya;Batrick
48-518-838-2951;1986-08-29;Andris;Addia;Chase
39-192-413-5674;1942-12-07;Hilario;Mommy;Fonquernie
86-882-936-1095;1969-03-26;Mariele;Hilary;Corder
86-280-121-5686;1963-07-14;Valencia;Cornela;Terbeek
420-242-575-7776;1991-07-05;Thibaut;Fanya;Shirley
60-950-468-4483;2010-01-27;Allegra;Letisha;Blakden
86-491-311-8893;1965-07-12;Elmo;Bobbette;Reburn
55-157-500-9362;2009-05-15;Ekaterina;Foss;Kruschev
1-256-734-433;1965-06-16;Deina;Lisette;Kobpal
46-920-540-5612;1982-05-13;Hillary;Jay;Caton
86-151-429-4525;1940-05-30;Davidde;Lindy;Kinton
98-813-645-8888;1941-10-23;Sherwin;Isaiah;Hayton
46-313-905-759;1935-06-18;Eba;El;Capell
55-465-156-2380;1942-11-02;Donavon;Kiah;Puttergill
998-213-776-1631;1947-01-01;Carolann;Jock;Sharp
46-267-646-1965;1935-04-24;Leighton;Mallory;McCloch
63-577-545-8337;1945-02-12;Gerrard;Salem;Bernon
380-925-787-4516;1948-06-18;Dorey;Chauncey;Reddecliffe
86-354-867-9910;2018-10-13;Katharine;Aggie;Andreopolos
216-532-882-1060;1971-04-25;Noach;Jeanna;Janoschek
960-683-442-2647;1964-11-12;Katha;Felike;Davison
86-276-280-4857;1944-08-30;Melisa;Winslow;Carrivick
1-146-564-5908;1995-09-03;Arleta;Trumaine;Steutly
55-729-593-7838;1982-04-09;Tansy;Daren;Reymers
1-504-206-9278;1996-09-15;Alwyn;Ruthie;Cozby
62-549-863-7122;1999-09-30;Alene;Tedi;Sallnow
351-635-183-1318;1994-01-12;Dulcy;Ive;O'Hartnett
375-769-140-8499;1941-02-14;Aguste;Jilli;Gagin
375-992-929-5289;1949-09-13;Silva;Brandise;Frany
66-175-323-7029;2021-04-17;Emile;Arabel;Drewet
1-562-907-7291;1999-10-21;Krishna;Reube;Witherup
63-692-937-654;1957-01-08;Zebadiah;Blaine;Tute
57-522-320-5539;1973-08-13;Glynis;Serge;Cash
86-427-837-3522;2015-01-18;Beverlee;Herb;Jebb
51-606-996-8469;1951-11-18;Axel;Pedro;Portam
964-435-322-7578;1980-11-26;Zelig;Bondie;Hallawell
62-522-275-3067;1965-10-19;Kora;Lynnett;Biasini
86-779-994-7881;1952-02-23;Maribel;Godfry;Gaudin
358-933-700-6602;1968-12-14;Roxy;Cindi;Matysiak
66-243-534-9145;2001-10-18;Regan;Seka;De Ortega
674-274-624-7405;1996-09-18;Sharyl;Saxon;Saladin
46-807-791-4493;1941-06-02;Mannie;Adriano;Monksfield
62-495-528-1216;1995-03-26;Noah;Carlie;Bothe
389-762-865-4971;1951-04-18;Verney;Nada;Firby
267-370-431-7237;2025-12-12;Ariel;Janette;Gillebride
7-932-363-2051;1971-07-27;Palm;Jessie;Sibbet
63-456-818-2254;2018-10-04;Shawn;Cherri;Grimstead
54-813-643-8669;1938-01-04;Ermengarde;Valentine;Novill
81-114-394-5148;2027-09-23;Dory;Adriane;Evison
55-390-291-2486;1986-08-31;Mead;Fraze;MacMenamin
86-149-245-5061;1935-06-21;Ashley;Orly;Di Antonio
63-599-892-4029;1940-06-01;Berni;Lawton;Lancley
420-330-605-8799;1932-09-02;Kristo;Jared;Scholl
86-945-987-9321;1938-03-10;Debbi;Gilly;Manchett
964-390-373-7565;2017-10-30;Jacqui;Vonny;Boosey
86-521-866-4012;1949-03-17;Duke;Ertha;McCahey
55-788-174-1754;1943-04-02;Tanner;Prentiss;O'Cahsedy
86-870-453-2102;1944-01-22;Claudio;Kent;Morson
1-338-766-9284;2012-01-10;Deni;Shirlee;Ovendon
60-648-244-3398;1973-06-09;Evelyn;Colline;Prynne
66-405-861-3637;1981-04-13;Domenico;Amber;Coppins
351-996-809-8785;1983-02-13;Perice;Ruperta;Firpi
33-307-634-8859;2027-11-27;Brandon;Pate;Goroni
63-550-818-3448;1936-02-24;Renato;Con;Cardinal
86-715-509-7881;1983-12-31;Jane;Valentijn;Rambaut
234-930-428-4185;1996-01-27;Gerrie;Abramo;Leask
7-273-544-2686;1942-04-28;Edan;Charmaine;Dun
351-692-781-8810;2001-08-09;Dorelia;Arturo;Franzewitch
86-357-874-8214;1933-02-06;Shana;Rhett;Botte
47-168-318-4439;2005-10-20;Hillard;Loren;MacGiffin
46-312-752-6192;1978-01-30;Joellen;Vivianna;Bernardeau
55-259-869-411;2008-12-13;Emmye;Ravi;Gerg
670-647-539-57;2007-11-23;Jermayne;Letty;Glashby
55-249-496-4953;1933-01-02;Thatch;Lonni;MacArdle
86-669-626-1863;2005-10-17;Alvis;Angelle;Husset
86-168-996-7089;1960-05-25;Zaneta;Shauna;Rowell
237-717-112-8924;1936-07-02;Jacenta;Jarred;Mariot
63-306-294-9144;1987-05-27;Krishna;Warner;Leving
689-279-192-7382;1954-07-15;Leandra;Hadlee;Sivyer
54-676-121-109;2020-08-06;Lola;Renaud;Thornborrow
46-328-643-5158;1971-08-08;Orsola;Kati;Clemas
62-991-986-5205;1999-08-29;Heindrick;Noami;Murt
1-907-106-5893;1958-04-16;Penrod;Jannel;Flay
420-810-894-6758;2026-05-05;Ferdinand;Hasheem;Skirving
51-452-204-2390;1994-02-06;Shaylyn;Tony;Billingsley
81-130-905-2044;2017-11-26;Virge;Wernher;Rumin
86-500-644-3307;1945-10-04;Bibi;Mord;Ragot
55-666-319-7403;2014-05-03;Cristi;Dion;Trenouth
62-579-387-2728;1970-09-27;Joell;Magdalene;Robertazzi
507-391-905-2862;2009-03-26;Emilee;Allin;Bufton
48-265-140-5433;1988-02-17;Eugenius;Sam;Buggy
81-179-765-1507;1960-08-16;Odelle;Lannie;Aitcheson
86-516-679-6305;1939-01-21;Neall;Bryant;Chezelle
963-789-101-6365;1935-12-18;Jojo;Erina;Adamowitz
7-977-400-5471;1963-05-25;Anthony;Camala;McNeish
86-170-422-5509;1991-07-04;Maurene;Beverlie;Ogden
62-361-291-6766;2008-10-16;Vale;Orren;Freeth
33-957-978-2109;1961-07-25;Orazio;Kelvin;Tumber
63-124-180-6325;1946-04-19;Hilliard;Grover;D'Ambrosi
232-490-450-3016;1930-10-18;Devan;Marlow;Grzegorzewicz
63-949-860-543;1989-12-23;Garry;Cherry;Ebbings
33-228-890-8801;1960-08-20;Levon;Guinna;Erratt
86-526-810-9906;2008-02-19;Clayborne;Jenn;De Angelis
504-581-275-5422;1946-11-04;Ferdinande;Patty;Beament
63-511-263-546;1995-11-07;Jinny;Shayne;Carverhill
62-133-605-6544;1935-07-21;Weylin;Teri;Hawkes
63-496-559-4872;2021-05-12;Malory;Karel;Cumbridge
30-691-623-9175;1965-12-24;Sherry;Michaela;Eberst
1-941-561-8928;1933-01-06;Rene;Grace;Brixey
55-831-809-8368;1953-02-14;Idalina;Archy;Mesnard
237-701-236-8294;1935-11-01;Odilia;Judy;Hegges
84-260-281-7303;2007-02-13;Latia;Minnnie;Quest
94-427-924-7571;1961-11-09;Wainwright;Brittani;Laverenz
63-158-481-2168;2016-12-26;Muire;Corissa;Withinshaw
260-847-978-7911;2002-04-17;Marlie;Lida;Greger
351-735-275-6955;1955-06-10;Sherlock;Calley;Dmitrichenko
33-546-543-6458;1972-05-31;Chris;Giacobo;Weston
46-936-984-1812;1940-12-30;Adolph;Fredra;Reddecliffe
33-168-220-508;1982-11-07;Erda;Daron;Moizer
260-831-751-6326;2028-05-22;Rolf;Flora;Starbuck
86-582-542-5765;2004-11-17;Engracia;Kaitlynn;Twidell
62-768-766-190;2007-04-14;Reinald;Dmitri;Berthon
387-409-287-3410;1976-06-14;Daisi;Misha;Bryan
86-249-191-1160;1950-02-10;Carolyne;Carmel;Woolfenden
55-986-840-8567;1955-06-05;Mac;Delmar;Dachey
52-335-174-5264;1977-09-02;Dana;Huberto;Fursland
86-650-349-8566;1981-07-12;Lissa;Paquito;Giacomucci
7-816-165-2598;2007-05-08;Dewey;Ferd;Anyon
420-770-391-4641;2028-01-23;Brandice;Casie;Keaton
86-652-512-8644;1959-11-23;Amii;Thorsten;Antoshin
54-153-639-8029;1990-07-19;Sherlocke;Susann;Van Son
62-923-258-4874;1981-12-01;Zebulon;Shawnee;Keiley
387-351-524-8282;1992-12-19;Urbanus;Lu;Strangeway
86-213-532-4259;1985-08-26;Min;Otho;Bestwick
62-923-828-1352;1991-07-21;Edgar;Bond;Slowley
7-476-511-7381;1999-01-19;Park;Maggie;Meddick
7-555-634-3014;2007-05-23;Sidoney;Richardo;Nowlan
880-136-198-9276;1992-10-28;Gabbie;Hesther;Bottoms
55-517-803-1155;2029-08-23;Marcie;Chevy;Lampitt
420-331-483-5466;1970-12-13;Dionysus;Keven;Teal
86-418-540-9316;1988-03-15;Evvie;Hannah;Bonnin
62-849-919-9415;1954-09-05;Milka;Gabe;Rusbridge
255-195-593-252;2020-05-23;Carlye;Kaile;Bleiman
62-245-596-9825;1947-03-03;Aldon;Angelle;Eyckel
7-961-279-7403;1957-04-16;Stefanie;Errick;Hedney
86-969-741-8214;1987-02-22;Kate;Dinny;Wogdon
351-668-407-2010;1979-02-04;Freemon;Joete;Bare
92-809-362-4271;1953-08-20;Ad;Susana;Lorenzin
62-126-358-2170;1953-12-12;Annadiane;Georgina;O'Doherty
86-119-920-456;1932-05-09;Annelise;Kimble;McGenn
62-558-939-6625;2006-01-29;Nolly;Englebert;Dellenbroker
57-831-461-4412;1991-06-25;Jaclyn;Maryanna;Vittery
375-659-448-3832;1930-07-09;Auroora;Ogdan;Popov
62-156-287-6526;2020-02-03;Bale;Dwain;Thynne
62-839-509-6117;2009-08-20;Tisha;Terrance;Tinson
972-597-422-3908;2005-06-29;Shermy;Aleda;Sparey
232-726-606-4473;2028-08-10;Hastings;Victor;Bines
371-962-275-7525;1985-10-27;Robinet;Dana;Giacubbo
86-239-913-6488;1933-11-09;Cacilia;Silas;Rainsdon
62-766-523-7646;1961-08-22;Lorinda;Dayle;Larmuth
972-363-851-705;1939-04-19;Pat;Pietra;Camilletti
62-731-742-9008;1951-04-14;Jozef;Brady;Krale
86-497-901-151;2015-01-31;Lilah;Glad;Demead
234-313-700-1746;1971-06-28;Vanda;Maximilian;Ganiford
234-313-700-1846;1971-06-29;Robinet;Brady;Ganiford
62-926-445-2369;2021-02-22;Clemente;Melania;Kyle
62-535-728-6283;1979-12-10;Aloin;Pattie;Dittson
86-911-566-6396;2021-10-26;Mayne;Lyda;Mansford
86-148-718-7277;1935-11-09;Lynda;Robbyn;Wankel
63-492-675-4843;2013-08-20;Violante;Zelig;Button
55-581-666-3858;2005-07-29;Benoit;Sammie;Giampietro
62-930-973-2638;1963-04-28;Jere;Larry;Margram
48-626-550-6067;2020-06-26;Claus;Tye;Winyard
7-356-903-9673;1943-10-23;Bartolemo;Dyana;Rosenschein
33-183-705-5908;1972-06-23;Lavena;Burnaby;Charlo
48-192-877-764;1961-11-11;Thelma;Torrin;Levington
355-600-813-3424;2026-09-24;Charlie;Dominga;Madine
86-164-156-2063;2004-06-08;Bren;Corly;Kite
507-582-694-5930;1984-03-16;Ruy;Betta;Rabat
86-477-653-5814;2029-04-07;Annaliese;Calypso;Gillivrie
86-537-549-3699;1968-10-01;Cristobal;Charlot;Swatheridge
86-410-136-2233;1953-05-10;Ines;Berenice;Burger
86-809-959-1881;1949-08-26;Millard;Dari;Lightbowne
98-251-801-6549;1992-10-11;Rem;Mikaela;Bullman
62-555-189-3142;2010-10-16;Catina;Daisie;Bernhardi
62-498-740-9613;2014-01-04;Aimee;Vonni;Wooton
46-153-942-6374;1932-02-22;Lewes;Claudius;Haworth
33-965-745-4228;1942-08-15;Vasily;Justinn;Pindred
62-251-956-5379;2020-11-27;Allianora;Lanna;Swannick
86-838-385-5595;2002-01-04;Magda;Kamila;Grzegorczyk
380-212-102-3266;2011-10-17;Thurston;Josias;Barnwill
255-903-513-5170;1988-11-17;Aloysius;Ram;Allinson
7-800-824-7722;1984-06-30;Gonzales;Rheba;Girt
33-766-616-506;1934-08-29;Davin;Orelia;Frissell
63-876-325-8260;1974-03-28;Octavia;Susie;Bennetts
34-925-169-6746;1986-05-24;Krishnah;Lorettalorna;Burle
86-539-695-6207;2021-06-12;Micky;Ulrike;Surgood
48-380-828-4702;1960-08-12;Charleen;Guinna;Barff
84-740-707-2439;1992-08-22;Raquela;Amos;Downs
420-337-130-4032;1930-07-12;Starlene;Horatius;Colpus
86-420-951-45;1955-08-09;Ives;Benedicta;Gibling
351-695-742-322;1963-10-03;Codie;Cordie;Heliot
86-516-166-3471;1960-06-09;Coleman;Maximilien;Barroux
63-522-532-7445;2001-01-07;Marci;Dorey;Delacoste
48-338-529-8474;2025-10-18;Olivie;Nina;Olrenshaw
81-966-321-2329;1950-04-03;Dorolice;West;Mollison
389-477-442-6548;1939-05-19;Tasha;Arv;Scrinage
86-851-236-3881;2015-12-05;Demetri;Asia;Muirden
963-502-675-2725;1982-02-14;Beatrice;Denney;Dibdin
62-379-323-9239;1975-02-12;Cinda;Amby;MacNeill
351-275-609-150;1975-06-30;Sydney;Rodolph;Costock
63-401-629-8451;1937-08-25;Teddie;Normy;Bouchard
86-563-698-1636;2025-11-28;Isaac;Julieta;Kimmins
46-464-710-9353;1937-03-20;Kirstyn;Tallia;Circuitt
55-795-984-7883;1936-11-22;Alessandro;Terrel;Brimman
52-442-416-6060;1983-04-25;Alyse;Amii;L'Amie
358-646-762-7414;2003-11-06;Weber;Milt;Aleksidze
86-730-288-2079;1956-10-24;Chester;Jorey;Klampk
359-888-930-4161;1950-07-26;Sheffield;Idell;Wedderburn
7-103-731-9891;1984-11-10;Dollie;Delaney;Espadater
56-130-636-8861;1965-02-12;Georgianna;Matty;O'Lenane
33-532-276-8366;2029-01-10;Daphne;Bridgette;Daile
232-632-986-7522;2003-06-16;Cal;Jordan;Giblett
374-187-618-6149;1931-01-26;Ezequiel;Philly;Owtram
62-702-190-1802;1995-04-25;Franklyn;Jarad;Snipe
351-494-524-3011;1968-03-13;Kath;Ben;Hardwell
1-623-233-6480;1931-02-28;Ramon;Juditha;Scouler
1-212-530-6965;1998-08-15;Zondra;Teddie;Wardington
975-393-916-9626;1947-09-07;Paulina;Warden;McGuff
961-132-474-8701;2020-10-20;Jaye;Violet;Jeste
7-333-836-6335;2027-01-15;Durant;Ginnie;Moland
234-493-381-8572;2002-04-14;Cory;Noelani;Trowl
62-810-709-7100;1987-06-15;Luigi;Lyn;Gillford
86-270-243-2209;2020-03-24;Afton;Lise;Blockey
86-770-578-7320;2028-06-18;Emile;Roz;Couzens
63-103-875-7440;2005-08-20;Cosimo;Noellyn;Mobley
249-614-751-5150;2005-09-04;Stan;Shayne;Avery
389-668-227-3642;1935-11-12;Mariejeanne;Katrine;Elcoate
48-272-825-808;1978-03-02;Hildagarde;Gunther;Gatland
66-525-208-3641;1954-10-27;Kevon;Rees;Cockroft
33-655-199-9676;1958-08-21;Margareta;Crissie;Nower
46-144-395-7374;2020-09-27;Carlo;Vivien;Eastop
62-398-789-3874;1945-08-26;Lily;Anabel;Elnough
63-537-557-2841;2014-11-21;Ilyssa;Mikael;Kivell
62-584-724-8260;1937-11-27;Emanuel;Armstrong;Powder
30-714-372-9435;1963-11-29;Farly;Silvana;Ashelford
351-479-819-5296;2020-09-27;Elia;Dolly;Redparth
995-318-259-6382;2028-10-07;Jeffy;Martyn;Oby
60-683-777-4318;1999-08-26;Lisha;Clare;Staries
351-902-423-1576;1967-02-07;Teddy;Laetitia;Bickerstasse
880-535-801-4636;1983-01-25;Shoshana;Tine;Doy
81-133-242-1487;2019-11-20;Cameron;Marlie;Latliff
30-547-224-8941;1983-07-05;Judas;Neely;Duke
30-636-200-2789;1953-04-29;Godfrey;Dane;Le Marquand
62-230-887-6354;2005-11-05;Ezechiel;Astra;Egger
358-800-975-8833;1974-11-26;Mavis;Sapphire;Shillingford
355-433-277-4555;1990-01-15;Justina;Marika;Notti
57-326-435-6460;2000-03-23;Mayor;Jennette;Bedinham
54-227-788-1120;1988-02-11;Lorne;Demetris;Prettejohns
86-159-402-1419;1995-06-20;Robby;Elihu;Kock
86-849-417-1969;1973-05-09;Michele;Griffie;Grisedale
1-928-126-2768;1976-08-12;Honoria;Kassi;McNae
389-294-524-4506;2001-05-27;Starlene;Elisha;Pascow
353-757-860-8400;2028-03-13;Murial;Ambrosio;Weller
420-194-806-7143;2002-11-25;Simon;Rick;Alfonsetti
86-413-704-3182;1951-01-04;Aldin;Edee;Stigell
86-608-552-5838;2017-05-25;Emlynn;Pansie;Warhurst
86-842-302-8570;1936-05-28;Averil;Lemar;Bladge
30-477-566-1555;2000-07-24;Martynne;Sauncho;Skayman
7-671-707-9397;1964-11-07;Lexy;Goldi;Womersley
380-281-374-1497;1968-05-13;Hannah;Chrisy;Stickel
54-487-320-9860;1979-10-05;Callie;Randal;Cotilard
86-638-643-1245;1984-10-17;Gerti;Mischa;Dourin
63-561-836-2504;2007-05-30;Olva;Bernie;Dibnah
420-353-444-3673;1964-02-23;Rickie;Ulberto;Papis
420-188-604-8417;1999-05-21;Lynette;Bonnee;Malkie
86-573-763-4233;1932-03-18;Jayme;Natalee;Luxton
1-312-832-4035;1962-10-13;Susanna;Garret;Bendson
86-592-297-6848;1983-01-28;Noach;Bevon;Dourin
504-148-166-4860;1942-06-26;Padget;Coleen;Glasspoole
1-561-344-8760;2002-12-17;Cthrine;Katha;Barnet
63-488-945-534;1931-03-12;Opal;Cristionna;Challoner
33-245-883-8722;1972-04-02;Evangelina;Libbie;Holliar
86-888-888-4502;1958-03-09;Stanly;Enrichetta;Wrathmell
226-839-400-2494;1968-10-19;Obediah;Milty;Tidcombe
351-514-692-13;1992-06-23;Ellen;Lebbie;Humblestone
86-477-856-2890;1942-01-24;Erminie;Teena;Mosen
62-662-267-2862;1978-04-15;Calley;Barry;McCallum
57-925-221-6953;1988-05-17;Joleen;Schuyler;Girth
254-238-754-5553;1967-01-03;Maurise;Thane;Longland
380-231-742-353;1991-05-29;Cart;Korry;Sprague
63-740-680-2520;1991-05-25;Susannah;Brandon;Byrom
86-340-369-9630;2017-02-11;Davina;Eveline;Pywell
30-996-445-2218;2011-05-19;Ruthy;Bendicty;Lavens
86-796-744-7390;1938-12-18;Erda;Nanon;Ebdon
7-187-460-5679;1943-12-28;Tynan;Maurizia;Fosserd
62-929-163-2127;1956-11-09;Laverne;Ambur;Ratcliff
255-615-214-7563;2014-04-25;Saunderson;Siffre;Esmond
62-222-637-5131;1999-09-24;Valeda;Markos;Zuann
381-856-510-4557;1975-06-25;Lorelei;Saul;Whitelock
55-537-266-948;1945-04-18;Susannah;Roxana;Mitten
60-771-578-5297;2011-10-30;Stuart;Allie;Biers
62-140-974-3424;1947-10-11;Raddy;Ozzie;McGerr
57-634-434-3974;2021-07-04;Chip;Penelope;Ferroli
1-310-262-8906;1962-06-26;Welch;Carmina;Pabel
62-251-915-9134;2011-02-17;Madel;Hermie;Warland
86-364-952-2600;2002-10-13;Blanche;Kettie;Leathley
62-831-585-7831;1967-04-13;Caron;Fanchette;Heintsch
386-547-481-7275;1979-07-01;Sim;Algernon;Barreau
686-275-435-9277;1959-05-07;Emylee;Juli;MacDearmont
33-265-705-8144;1957-01-07;Zonnya;Griffin;Tokell
46-150-235-7189;1963-08-19;Roch;Domingo;Paynes
261-361-738-1520;1952-03-20;Timoteo;Haze;Newport
81-363-312-2572;2003-10-13;Ninetta;Jasmina;Amy
86-944-734-1167;1935-02-28;Heinrik;Wendel;Monson
86-913-513-6383;2019-07-08;Nikolos;Astrid;Maxworthy
385-228-972-9452;2012-09-19;Theodore;Bennie;Ciobutaru
57-330-597-6245;2029-07-28;Jason;Dallas;Gypson
86-535-590-572;1981-07-25;Scarlett;Christoph;Dufall
55-955-458-450;1996-02-27;Maurita;Maxim;Lazenbury
353-780-691-1614;1965-05-23;Levon;Stearne;Linch
261-397-924-4861;1959-03-29;Dennet;Garwood;Jackman
27-676-303-4937;1988-01-08;Elva;Sophey;Cockrell
34-934-461-2168;1966-09-04;Cathy;Georgina;Hounsham
66-470-149-5367;1957-08-04;Ebeneser;Gary;Fludder
86-533-270-9852;1960-06-19;Torrence;Yoko;Harmour
420-793-707-889;1990-02-21;Shayla;Susi;Lochead
961-539-684-2222;1980-07-12;Franklin;Ilka;Mc Giffin
62-697-854-6147;1942-09-09;Arlen;Susi;Mark
86-856-425-3644;1986-10-02;Gabi;Coral;Margerison
81-969-668-9123;2026-11-03;Alfy;Halie;Fishpond
57-799-823-958;1976-09-18;Donnell;Ernaline;Duxbarry
244-824-782-500;2017-07-04;Beverley;Willy;Sego
850-972-186-8905;1973-02-03;Brandy;Maegan;Eden
374-616-681-3427;1965-02-23;Maryrose;Ailyn;Chevin
62-785-268-1963;1966-05-09;Elspeth;Maighdiln;Southan
66-209-560-4475;1989-06-19;Tucker;Friedrick;Mould
62-778-143-4648;2013-05-20;Calida;Lyle;Ravenshaw
967-356-361-5446;1995-06-24;Giffer;Cirilo;Ballingal
58-960-209-411;1944-02-16;Lorilyn;Renado;Albutt
33-163-266-6854;1961-07-04;Deena;Inger;Inderwick
86-268-723-3281;1979-07-10;Emelina;Gerik;Ausher
1-561-337-8488;1961-10-06;Nevil;Opal;Upchurch
352-851-601-1766;1966-08-03;Obediah;Jermayne;Brydson
86-215-304-8640;2009-05-05;Markos;Gavin;Widger
55-106-528-4711;1988-01-03;Win;Donalt;Gouck
98-609-994-1649;1940-06-13;Mart;Corissa;Haberjam
57-973-297-3533;2014-08-02;Babbie;Minetta;Rude
63-457-898-3438;1949-12-12;Mal;Peirce;Sandey
86-405-784-1803;1930-08-17;Raynor;Issiah;Kryska
86-584-443-5691;2009-04-09;Rebecka;Rowland;Cowles
86-288-777-7032;1970-03-06;Maryellen;Evan;Ornillos
1-402-632-5771;1965-11-29;Edd;Demetria;Patron
51-428-538-5233;2010-04-20;Devlin;Bryana;Leaney
62-552-563-5056;2026-11-15;Elfrida;Cy;Matura
86-268-311-2073;2029-04-07;Rebe;De;Urlich
420-101-888-5043;1991-11-17;Kayley;Carleton;Risson
63-231-948-9900;2006-04-06;Sheeree;Francisca;Brinkman
970-381-136-5559;1980-09-28;Marice;Brittne;Noble
31-107-773-5287;1990-10-16;Rich;Casey;Grassett
48-964-115-2087;2014-09-01;Jerad;Randall;Ballham
86-937-334-3090;1951-01-10;Wallache;Misha;Hendrich
62-650-305-5985;2013-10-15;Carly;Colver;Ingamells
51-755-540-4025;1943-01-15;Norbie;Etta;Nisot
86-224-929-473;1959-03-08;Melania;Clint;Hanes
374-382-775-4567;1957-12-31;Piggy;Katharine;Gislebert
86-947-983-239;1947-01-09;Brooks;Ceciley;Kelle
86-308-220-5241;1938-01-31;Gris;Pren;Lawling
27-335-789-8946;2008-05-26;Milissent;Dur;Brownhill
86-736-188-1687;2014-04-12;Matthieu;Nanon;Towner
63-918-951-6306;1965-08-04;Moss;Angelina;Mac Geaney
86-406-283-6661;1988-05-26;Thain;Eloisa;Fanstone
374-398-800-6135;1933-07-15;Martin;Patti;McGinnis
351-742-539-990;2008-05-25;Maddi;Aundrea;Ardron
81-797-834-5729;1992-04-02;Monica;Clareta;Coxall
55-628-266-6241;1935-05-23;Ira;Stinky;Kenningham
351-997-324-6770;1958-01-21;Bellanca;Ginnie;McPhail
48-498-189-2562;1951-02-05;Winna;Modesta;Challenor
33-646-816-2178;2005-02-07;Andrus;Marleen;Leckey
506-845-587-4121;1989-06-04;Michell;Red;Roeby
57-304-746-2843;1993-10-19;Ilysa;Geordie;Counsell
49-756-980-5299;1946-11-17;Dalton;Margeaux;Korda
970-300-508-4251;1983-01-09;Nyssa;Hewet;Karpov
33-939-295-6274;1957-05-31;Bud;Devan;Garrish
994-228-814-7938;1994-08-18;Ferdinand;Cesar;Broadbear
385-338-892-1309;1962-03-08;Janek;Ferdinande;Inch
58-772-334-756;1944-09-21;Carmel;Luis;Darque
51-597-622-2907;2015-04-21;Umberto;Jerrome;Scarlet
242-686-876-7561;1950-01-06;Catherina;Blinni;Denson
51-808-898-824;2012-04-16;Aliza;Anneliese;Abbe
351-528-867-4840;1989-07-18;Bordie;Roderic;Beathem
81-880-682-5359;1960-03-11;Eimile;Waverley;Geddis
86-520-709-9474;1946-04-27;Base;Caria;Olivas
86-927-977-3536;1950-11-06;Hedwiga;Eliot;Chisholm
380-427-475-8083;1933-05-23;Somerset;Godfry;Urlich
505-921-751-392;2011-12-03;Vassili;Remus;Mordanti
46-671-546-2951;1980-12-06;Alistair;Bealle;Buncher
86-521-294-7071;2012-06-09;Malory;Esdras;Longridge
46-634-203-2414;1978-10-17;Amity;Drucie;Exelby
86-730-750-7070;1999-01-19;Inessa;Fianna;Worster
7-457-299-3480;1952-07-16;Ninetta;Carey;Simm
30-664-307-4142;1989-01-13;Nataline;Nicky;Boyde
48-839-934-7285;1966-05-29;Alwin;Cheri;Woodington
98-627-825-8127;1962-01-14;Norris;Darcee;McConnulty
62-445-892-4210;1965-05-06;Leland;Sara;Stiven
235-720-991-2564;2008-09-08;Birch;Pembroke;Mitchell
86-546-832-6299;1994-11-01;Wilbert;Adore;Pinnijar
380-778-355-2524;2000-04-28;Nealon;Giovanni;Bleackly
66-708-345-582;2025-12-27;Quentin;Goober;Bladon
55-724-891-3003;2014-09-09;Cecilia;Neila;Glaze
33-238-764-4996;2005-09-27;Amos;Orren;Nixon
7-773-168-8047;2018-03-04;Blanche;Prudence;D'Errico
33-439-317-5501;2009-06-01;Dalston;Nikos;Littlewood
261-516-428-7592;1935-05-13;Tallulah;Ede;Gentry
1-512-726-9592;1977-12-25;Lyell;Carissa;Beldam
62-311-208-6313;1939-12-11;Valentin;Delbert;Hessing
249-265-589-9540;1942-05-16;Dreddy;Blinnie;Kann
591-383-952-6819;1980-08-23;Gayler;Jonathan;Le Borgne
33-327-731-3755;1971-11-17;May;Perceval;Sturges
225-329-120-1139;1953-02-06;Venus;Harold;Shiril
351-613-651-9452;1935-03-19;Brita;Caryl;Vincent
7-518-207-1797;1962-06-19;Humphrey;Edyth;Sonley
47-831-904-2500;1974-07-19;Jimmy;Carmelina;Kennaway
7-735-539-1664;1990-04-09;Stacey;Magdaia;Quick
962-166-335-8189;1971-10-09;Cris;Ilario;Collman
51-213-224-2176;1958-03-18;Ingar;Brit;Belone
39-973-528-7439;1983-11-23;Ronnie;Hamel;Cobbald
1-303-922-1314;1996-06-30;Von;Khalil;Spraging
48-434-665-4831;1942-06-11;Juli;Teresina;Matovic
86-127-713-1534;1979-05-14;Thom;Helyn;Lethlay
351-966-402-4915;1984-01-13;Scot;Jameson;Seivertsen
7-240-290-2766;1969-06-28;Guntar;Camille;Lodevick
55-707-329-5586;1998-05-18;Cyrus;Cindelyn;Deerness
30-447-897-2712;1986-12-25;Gabriel;Roberta;Petschel
7-193-533-3526;1936-07-08;Nickey;Tudor;Blance
48-661-659-218;1952-02-24;Mari;Daryl;Chattelaine
351-468-150-19;2008-03-10;Giordano;Tim;Bullivent
86-992-142-8715;1965-03-11;Wiatt;Charmane;Lettley
63-477-946-6262;2012-12-22;Tori;Violet;Djekic
54-661-440-3347;1975-07-31;Nickolai;Kienan;Tidbold
33-292-403-1126;1957-01-15;Carroll;Joline;Meale
86-251-725-2222;1993-08-14;Norine;Norene;Bevar
375-188-737-1444;2006-10-20;Arlie;Doralynn;Chicchelli
93-847-314-7118;1954-07-06;Dunstan;Petr;Pearton
62-102-803-6086;1960-02-12;Keefe;Quint;Raddin
381-406-263-6243;2003-12-11;Murray;Devora;Gunn
353-888-381-5735;2015-07-12;Alfredo;Lilah;Jancso
351-464-445-4511;1933-04-07;Kameko;Gabrielle;Garrard
93-159-567-6793;1999-11-25;Dynah;Hendrick;Warrick
81-279-814-8526;1999-10-13;Rod;Glyn;Lound
45-682-313-8713;1969-01-07;Berkly;Ki;McTerlagh
994-241-580-6081;1989-12-07;Caressa;Alan;Dunk
55-696-434-1976;1932-08-24;Halimeda;Cesaro;Chasson
351-653-612-1052;1938-10-28;Thomasa;Ingaborg;Tatteshall
86-427-674-2078;1986-06-14;Rici;Delainey;Orring
386-415-324-1033;2001-09-16;Auria;Nixie;Skures
86-242-416-5538;1946-02-27;Betty;Lorelei;Kennady
226-150-828-6855;1976-06-21;Catherine;Guillema;Worstall
46-451-934-635;1985-11-14;Aline;Jannelle;Baybutt
54-302-682-3757;2007-02-19;Vladimir;Ophelie;Cridge
55-425-797-8215;2029-02-25;Pamella;Henrik;Eckford
230-249-271-3334;2007-04-05;Chrissy;Felicia;Paschek
963-857-649-1051;1984-12-16;Hakeem;Willamina;Trustie
33-708-879-1786;1968-10-10;Farrah;Ruthann;Tyre
351-193-821-6177;2000-08-14;Gunther;Adria;Domenge
7-495-621-587;1979-05-31;Anton;Lindie;Wisdish
86-608-105-9655;1961-11-20;Salvatore;Teodorico;Obeney
7-990-771-3656;1936-06-05;Cortie;Ossie;Feldbaum
49-684-832-8071;1959-01-25;Reider;Andra;Collidge
420-477-197-1979;1962-04-30;Orella;Alon;Toffoletto
63-240-569-1307;1990-05-22;Emilee;Siobhan;Amys
380-729-807-4332;1954-05-25;Merry;Baird;Gawkes
63-106-448-448;2014-03-30;Elyssa;Kermy;Fasson
62-361-548-3024;1978-05-14;Rhodia;Andie;Masedon
7-340-289-9432;1967-05-02;Glynn;Lee;Coper
86-718-641-4448;1941-12-12;Ansell;Ned;Calverley
420-850-930-6713;1944-02-20;Pancho;Rosalia;Margram
86-583-775-9320;1950-10-11;Joell;Beatrix;Yglesia
62-630-595-1275;1975-07-04;Everard;Lyssa;Paolacci
51-779-168-3623;1938-12-09;Lynnet;Rabbi;Breitling
52-934-551-6196;1962-08-10;Diahann;Devondra;Hurdman
63-771-679-3329;2011-11-28;Meridith;Dael;Thowes
7-374-224-3647;2008-10-01;Monro;Matilde;Egell
86-155-236-4311;1953-05-27;Franklin;Hamel;Niche
7-508-925-5866;1948-11-06;Winna;Belia;Schneider
92-278-935-275;1938-10-08;Bertha;Zena;Dommett
504-418-998-3500;1965-11-30;Bradley;Salvidor;Mitcham
30-125-730-1633;1982-10-24;Sybille;Cello;Antrack
81-190-557-8269;1965-03-24;Andria;Ruddie;Barizeret
57-874-336-520;1963-09-10;Evvy;Miles;Lohmeyer
62-901-917-1296;1971-02-22;Mile;Nanni;Parratt
81-407-627-2601;1936-10-19;Odell;Valery;Iddons
86-298-535-328;1998-05-22;Tasia;Arri;Somerville
234-601-351-7806;1979-10-24;Annadiane;Twyla;Jandera
86-482-581-1157;1940-07-24;Elliot;Edgard;Vaudin
86-677-590-4284;2020-08-01;Mada;Ibrahim;Pickworth
81-196-878-5980;1952-02-19;Danni;Heidi;Gligoraci
963-638-308-5421;1959-12-18;Alli;Sharity;Russe
84-220-131-6848;1932-11-21;Morry;Tara;Stafford
351-587-194-1954;1954-07-14;Meaghan;Saxon;Briztman
62-529-503-9806;2011-01-26;Josey;Claus;Sikora
48-874-258-1048;1976-01-29;Sasha;Sutton;Trace
506-840-243-8681;1937-06-27;Roderich;Liuka;Denyukhin
254-518-878-3819;1942-05-16;Raffarty;Lynelle;Eadon
1-108-170-634;1990-05-02;Carver;Brittan;Fearick
420-415-408-5650;1964-05-03;Darbie;Ambur;Leftwich
51-587-235-1082;2016-01-02;Roseanna;Yvon;Jehan
34-449-790-6740;1974-04-05;Brinna;Carmelia;Nowakowska
242-745-569-2836;1946-03-06;Alwin;Ted;Ventum
7-276-588-3284;1972-09-27;Maria;Carlotta;Litzmann
64-817-557-9959;1981-01-12;Grove;Carley;Leads
86-100-267-268;1963-09-07;Mylo;Vina;Amos
420-401-336-3513;2010-07-17;Lane;Alano;Stoad
86-809-820-5483;1952-05-09;Cord;Zabrina;Kenderdine
86-170-200-5016;2014-10-28;Joellen;Neil;Forsey
61-108-135-1067;1984-01-17;Keefe;Jenni;Faull
976-494-400-7458;2020-04-04;Sandye;Ashly;Boughey
63-264-618-4221;1951-08-19;Chilton;Abe;Caslin
86-985-375-560;2026-05-24;Paton;Bert;Dripps
51-808-835-7622;2015-12-27;Win;Marcos;McGillecole
7-623-149-7659;1967-10-18;Fairfax;Otho;Addison
46-963-899-6811;2017-07-25;Owen;Harrietta;Escolme
81-653-741-6067;1934-02-16;Vanya;Nat;Everton
7-531-455-915;1991-06-26;Kaela;Connie;Burtonwood
86-636-329-9518;1993-07-04;Dulci;Arlena;Harvett
66-459-746-9613;1937-10-02;Gideon;Ranee;Pudsall
1-210-839-1185;1989-07-10;Rod;Jess;Dat
55-823-125-5147;1936-04-05;Berkley;Miguela;Trahear
351-553-512-739;1953-01-22;Charita;Oralee;Light
55-601-437-8758;1950-02-24;Tuck;Elvina;Towers
251-568-778-4444;1982-01-10;Rayshell;Yul;Sickamore
1-318-869-5967;2008-11-02;Eliot;Dee dee;Dewfall
226-856-522-7249;1994-03-02;Ekaterina;Ralf;Mancell
54-450-883-6629;1966-11-18;Sol;Bing;Travis
237-146-262-4973;2020-03-03;Susana;Aile;Hentzer
86-988-254-2264;2009-08-25;Esme;Francklyn;Capaldo
63-202-996-6978;1990-12-11;Arne;Hortense;Aphale
994-644-834-6063;1977-07-08;Sylvia;Yetta;De Paepe
263-989-346-8939;1980-08-08;Imojean;Reynolds;Baybutt
54-306-153-7513;1988-03-28;Shalne;Babette;Van Dale
63-580-588-5415;2020-06-18;Cort;Joanie;Wicklen
27-864-150-9399;1933-10-07;Clarissa;Kermie;Vankeev
48-983-537-9856;1959-03-21;Ignazio;Solly;Bidewell
48-379-502-6009;1931-01-23;Rudie;Oberon;Feirn
351-427-949-6411;1970-05-10;Tiffie;Merwin;Tregona
383-128-839-5124;1938-11-16;Rufe;Vin;Goby
81-534-454-4644;1936-12-22;Drucy;Tori;Tidey
51-392-848-4777;1935-09-15;Sybille;Kikelia;Bonnyson
7-112-515-1866;1984-12-11;Whit;Arron;Ridsdale
62-486-567-4756;2009-03-18;Hayyim;Appolonia;Brownbridge
358-947-264-7181;1995-07-23;Cari;Wallie;Heustice
62-209-275-52;2005-12-03;Evangelina;Janel;Hazart
51-965-592-6173;2008-06-30;Poul;Tanny;Mowson
62-802-706-4284;1945-01-18;Austina;Linnet;Dyton
7-161-186-7456;1980-08-04;Fedora;Elsa;Hancox
234-486-347-5812;1942-02-01;Davie;Waylen;Sally
351-965-197-4104;2013-07-20;Fiona;Vladamir;Alliker
62-236-816-7360;1951-09-15;Arvin;Meriel;Fink
351-896-400-1412;1976-07-13;Buffy;Bendite;Postans
51-334-340-6085;2028-03-26;Adair;Quent;Drew
86-994-814-382;1933-05-14;Jethro;Gonzales;Jardein
86-357-367-2855;2018-03-11;Britney;Theadora;Fadian
507-344-674-9188;1930-03-30;Felice;Bank;Madge
86-573-701-2023;1982-04-14;Irv;Nari;Belitz
51-150-881-3314;1939-10-16;Becki;Yetta;Jantet
86-539-929-1876;1946-03-18;Llewellyn;Brnaba;Coram
48-748-168-1679;1984-12-06;Broderick;Grange;Mournian
507-115-167-8872;1940-06-14;Sosanna;Gusty;Makiver
380-937-404-9547;1965-01-23;Shanie;Devy;Harniman
62-309-199-780;1977-02-21;Wash;Friederike;Gilfoy
7-404-753-157;1935-07-11;Silvio;Tildi;Cancott
503-948-171-4710;1989-06-18;Viviyan;Birdie;Pebworth
420-589-647-2799;1951-12-01;Bobbee;Lucienne;Dybell
380-591-551-4249;2002-04-04;Berke;Nicola;Nisco
679-284-717-9112;2004-08-17;Lazaro;Vitoria;Janisson
95-939-333-2723;1983-11-02;Carla;Brodie;Betchley
7-425-585-3932;1944-09-14;Rhys;Shoshanna;Camerana
48-902-212-3717;2020-05-18;Ellswerth;Jens;MacKerley
1-404-423-2167;2008-12-29;Tracey;Morry;Mahoney
63-198-969-1897;1947-01-28;Jessie;Cull;Kliement
62-351-197-3244;1991-10-26;Rem;Max;Connichie
55-861-327-8140;1957-01-13;Ailyn;Ruthe;Carrabot
86-412-711-5867;1975-08-06;Dolores;Zulema;Cattlow
62-343-426-2952;1975-09-30;Brittni;Koren;Portingale
351-699-774-2983;2002-03-26;Ulrika;Karon;Damerell
57-105-132-4921;1992-10-11;Rasia;Lory;Westphalen
1-612-831-1920;1976-08-31;Claretta;Ralph;Braybrooke
351-798-494-4134;1971-03-12;Deana;Weider;Beardmore
62-752-542-1497;2008-01-13;Padraic;Izaak;Mariot
86-920-128-9658;1997-02-15;Julia;Wilburt;Ruoff
48-228-610-9795;1990-10-06;Dawna;Hercules;Huggins
86-823-160-834;1999-03-14;Dorrie;Tedie;Collet
63-198-180-7068;2000-03-24;Ailene;Jodee;Tumasian
386-464-842-5746;2017-05-26;Feliks;Rosina;Pamplin
420-165-876-8824;1980-12-18;Krysta;Wheeler;Lemar
234-916-651-4506;1954-01-01;Fanya;Marie;Impleton
86-929-657-5599;1994-08-06;Berny;Gayle;Galilee
216-957-666-9855;1970-05-28;Camellia;Oona;Heningham
57-470-903-6187;2018-12-26;Quint;Orin;Lukas
86-743-846-1109;1999-06-06;Hall;Harrison;Lerner
380-403-943-4367;1951-04-15;Buddy;Colline;Quarless
94-186-589-9219;1932-10-17;Cathi;Rosaline;Antognetti
86-647-463-7211;2021-03-13;Siegfried;Flin;Suttell
1-214-459-7026;1977-10-15;Rose;Melany;Filde
54-148-951-6965;1999-04-13;Maryl;Jania;Blazeby
592-892-646-8897;1942-12-11;Claus;Marcy;Worcester
355-520-682-8243;1942-10-08;Wesley;Minnaminnie;McGarrell
33-586-519-8147;1956-05-14;Tatum;Henka;Bollom
504-649-263-2411;1997-09-17;Alexei;Viviana;Leaf
20-712-701-7173;1976-06-06;Flem;Tory;Rippon
218-290-614-6589;2008-02-29;Jacinta;Agneta;Orwin
62-676-433-9202;1952-04-09;Dominica;Jemie;Brain
62-878-651-793;1941-11-11;Burk;Marcie;Einchcombe
86-420-849-4200;1971-04-29;Karmen;Ian;Liggens
86-608-307-2750;2021-03-13;Catlin;Lorilee;Copperwaite
86-666-688-3722;1980-05-08;Pinchas;Robby;Golton
48-404-139-7646;1950-12-14;Corny;Delmer;Liquorish
1-801-685-4837;1934-05-27;Madelene;Lowrance;Nulty
62-634-542-7848;1965-09-13;Petra;Rhody;Ducker
52-161-984-6295;2018-08-01;Mortimer;Curran;Jachtym
93-472-226-4411;2029-10-18;Valentino;Andrea;Whettleton
66-648-342-3798;1976-08-21;Aubert;Benoite;State
86-993-605-3682;2002-01-30;Tania;Cos;Keld
7-987-764-1457;1950-05-13;Patrice;Buddy;Congrave
55-296-427-4167;2016-01-29;Christos;Emlyn;Petican
86-938-124-3376;1952-11-20;Rusty;Clayborne;Polamontayne
351-255-579-4805;1963-10-24;Charmian;Dore;Reeday
976-902-225-7305;1958-03-08;Elsworth;Goraud;McGuiness
385-247-421-16;1955-05-11;Joelly;Serene;Brabant
58-184-456-6535;1977-01-03;Christoffer;Mara;Brydson
48-107-643-9227;1978-08-28;Harlin;Ingaberg;Mahony
27-117-290-9401;2000-01-12;Standford;Iago;Zealy
62-130-642-3145;1957-10-07;Zak;Elonore;Kilfeder
33-642-906-5730;2007-05-06;Georgette;Say;Creboe
86-358-942-1382;1984-12-03;Pippa;Genni;Halpin
236-828-630-4366;1950-07-06;Rodolphe;Katti;Bruun
1-330-328-1349;1954-01-22;Sashenka;Brian;Grzelczyk
84-838-185-3139;2026-09-26;Minetta;Oran;Hubbis
86-105-455-4214;1971-04-11;Chastity;Waldo;Towers
86-736-502-3361;1954-01-23;Janna;Rubia;Dyte
86-583-419-1917;1931-03-01;Nance;Edmund;O'Garmen
93-270-995-7312;1955-12-09;Herbie;Adina;Bowley
63-507-979-2194;2026-11-24;Christoforo;Guillaume;Aland
375-354-938-785;1934-01-25;Riannon;Walsh;Fyfe
387-611-437-4769;1948-04-13;Baudoin;Gustie;Dempsey
86-391-120-8586;2014-12-03;Malanie;Ave;MacCole
7-839-724-6677;2015-03-11;Mabelle;Lorelei;Mcall
86-596-910-9506;1987-03-24;Barby;Dwight;Cuppleditch
86-264-734-4059;2003-01-05;Daffi;Bobbee;Sherer
1-344-800-8243;1987-07-07;Hogan;Dane;Mila
66-411-749-9622;1956-03-04;Dorita;Dukie;Mossom
84-370-849-84;1946-07-29;Steffi;Marty;Tapping
52-984-246-1957;2004-10-06;Ede;Wilbur;Butland
7-119-875-8184;2000-10-22;Philly;Belinda;Enticott
63-654-102-6489;1980-10-05;Amalie;Larry;Pammenter
86-965-422-9611;2015-08-16;Sallie;Tyne;Cornillot
39-283-819-3339;1967-07-19;Olav;Reinold;Portis
62-132-534-6016;2002-01-03;Meredith;Paulette;Petrello
86-516-921-2542;2014-02-05;Agosto;Novelia;Kivell
351-748-643-1092;2015-01-13;Fielding;Clarey;Bravington
7-119-269-4501;2013-08-19;Jeane;Karia;Chenery
46-836-811-6594;2002-07-12;Ellynn;Melicent;Whysall
86-273-853-6085;1942-08-31;Malynda;Vaughn;de Copeman
7-243-987-5977;1978-07-20;Leda;Perice;Tubble
62-724-396-7130;1982-11-07;Michele;Chastity;Effemy
685-870-989-8334;2020-07-18;Pauli;Avram;Jeffes
55-290-484-5275;1938-12-01;Tallie;Isaac;Haynesford
55-897-512-1895;1992-08-11;Ray;Basia;Tetlow
86-664-386-3631;1989-12-18;Annabella;Garrick;Liddall
86-832-868-9207;1933-01-30;Peggie;Di;Corinton
351-943-705-2330;2028-01-13;Kayla;Charlotte;Wedon
86-407-506-248;1947-11-21;Alida;Ingar;Carruth
502-481-582-8981;2018-06-24;Rutger;Kalli;Shorbrook
232-552-317-3065;1990-04-01;Gerda;Alexandr;Tant
86-796-108-2004;1940-06-07;Shannen;Erastus;Bonwick
55-101-302-106;1999-09-19;Molli;Amity;Kennham
81-281-387-5411;1972-11-25;Woodman;Cristen;Preist
86-424-248-3765;1935-01-09;Raina;Faina;Abbet
27-741-852-6004;1981-01-25;Oswald;Pearl;Ornells
351-666-828-5736;1937-10-22;Niels;Sinclair;Geater
46-561-509-9783;1932-06-12;Hagan;Efrem;Lambis
86-954-722-430;1973-08-12;Rinaldo;Lenee;Kevis
62-690-642-282;1978-10-14;Parke;Orin;Slocket
86-963-964-343;2008-07-24;Melina;David;Krzyzaniak
48-524-820-8906;1982-08-12;Torrey;Rudiger;Schiesterl
98-169-930-4347;1952-04-22;Marji;Rona;Clinton
62-658-263-6451;1940-09-08;Giuseppe;Demeter;Gabbett
55-476-874-2042;1972-11-16;Estrella;Borg;Tomashov
380-418-578-6904;1957-11-02;Dynah;Cyndia;Camosso
62-590-793-960;1959-01-08;Marylinda;Nolie;Hutchin
7-609-485-6801;1988-02-24;Mei;Winston;McDermot
63-485-306-4762;1990-08-29;Alfreda;Novelia;Devonshire
234-410-467-2420;1996-11-14;Jeanelle;Weston;Rantoull
963-343-895-3351;2015-11-12;Halimeda;Rossie;Letrange
63-998-220-8358;1954-09-23;Auria;Toni;Garvie
62-585-773-2800;1965-11-27;Renault;Isahella;Busher
237-203-445-7956;2020-12-01;Glenda;Ned;Skeath
27-909-985-4873;1984-04-06;Ashly;Corby;Daltrey
255-580-955-5551;1994-07-20;Mariele;Rubetta;Sames
62-180-306-7990;1966-01-06;Burgess;Adriane;Bullant
373-739-234-9172;1978-02-01;Eleanor;Sonnie;Stein
420-505-737-6359;1958-12-17;Talbert;Bernadine;Somers
62-485-647-6092;1948-12-05;Linn;Stavro;Balk
62-486-728-9675;1996-01-11;Haley;Danyelle;Whithorn
53-414-539-8912;1978-11-29;Penelopa;Joe;Baden
33-473-244-3446;1981-06-13;Hedy;Onfre;O'Dogherty
86-964-708-1882;1977-03-17;Lynn;Karlie;Stileman
998-402-490-223;2000-10-12;Tory;Sunshine;Selborne
254-432-312-3113;1942-08-31;Tabatha;Amelita;Hamlin
7-230-526-7535;1970-05-04;Morganica;Kelwin;Vergine
62-301-740-870;1960-05-11;Gilberte;Marna;Albers
505-888-457-2805;1982-12-10;Adham;Law;Orrill
386-107-345-6855;2005-09-24;Theda;Elfie;Farrow
55-518-543-8398;1980-09-13;Filide;Kinna;Muzzini
48-218-316-7211;2021-02-04;Lukas;Amandy;Drain
251-999-662-4166;1976-01-06;Mindy;Wilbur;Spelsbury
86-940-557-570;1960-01-20;Ashlan;Edith;Woodcraft
267-119-725-5355;1977-10-12;Anni;Merla;Jeff
54-484-251-2057;1972-08-20;Shantee;Joanna;Dumbrill
7-609-878-1055;1978-02-01;Gerard;Eada;Whitehurst
86-477-885-3865;1960-08-26;Dexter;Margit;Abbett
55-940-636-9017;1942-02-15;Johannes;Josephine;Philippe
86-759-322-7318;1983-09-25;Myranda;Rozalie;Fay
420-868-994-4856;2026-11-20;Fan;Ginni;McLoughlin
86-679-670-2427;1938-06-04;Antons;Yorke;Crozier
7-136-412-151;2003-01-02;Emmet;Joyan;Baddiley
62-595-411-1149;1996-05-23;Trumaine;Ericha;Glencros
374-272-326-6385;2004-12-22;Ailis;Gena;Cisco
55-346-139-822;1972-11-11;Joyann;Wayne;Dodell
358-263-284-2129;2001-04-16;Tate;Daveen;Allchin
48-336-351-1526;2020-05-16;Abra;Hernando;Bobasch
30-676-265-7924;1991-01-22;Consuela;Kata;Silcock
380-528-196-2126;1984-05-31;Sanson;Kaiser;Lamond
1-925-870-1626;1967-04-08;Lexy;Johann;Bracer
963-754-825-8093;1962-09-16;Ely;Kiri;Dominguez
7-655-867-3753;1966-04-27;Ogden;Mariska;Belliveau
86-462-706-3940;1956-03-15;Lilian;Kania;Dolden
351-952-214-323;1954-05-02;Jessica;Josy;Lillyman
58-189-486-2461;1999-07-24;Joya;Wildon;Caron
62-980-643-8542;1999-04-01;Shermy;Syman;MacInerney
27-264-182-2908;2006-05-10;Walliw;Lurette;Mandrier
30-620-876-7456;2004-05-05;Claudian;Aloin;Wandrich
86-728-473-7250;1985-01-21;Stefania;Michal;Hadwen
7-461-288-2405;1951-07-29;Francklyn;Clarke;Lamanby
55-749-789-9271;1953-12-08;Josy;Donaugh;de Amaya
81-383-257-2673;2015-10-12;Blayne;Robbert;Berick
33-920-793-8858;1949-02-19;Rod;Susana;Nowland
33-271-951-4177;2000-11-27;Merissa;Ula;Davydychev
86-987-214-2914;2001-10-10;Kerrin;Brenden;Pentelo
86-525-174-4436;2007-03-04;Javier;Yolande;Rudinger
86-873-959-2175;1937-02-07;Rhetta;Kalvin;Mattea
976-345-941-6296;1961-09-04;Henka;Daniella;Bodker
62-280-385-7957;1970-10-23;Bobette;Randi;Smorthit
63-325-262-7488;1961-02-02;Domingo;Zelma;Fessier
357-137-510-889;1966-03-01;Averyl;Nancie;Ashfield
48-832-299-5277;1961-01-04;Skipper;Udell;Pollastro
48-996-959-4532;2018-07-13;Kyla;Drud;Bartoszinski
54-978-846-8036;2010-03-17;Madelin;Pepe;Kunath
31-628-874-2117;1997-03-14;Vaughan;Waverly;Grove
52-894-230-2295;1971-04-30;Kassie;Halli;Von Gladbach
55-124-480-9324;1978-05-11;Humphrey;Don;Daleman
63-575-984-5607;1946-09-27;Irving;Lindon;Parcell
62-724-798-4954;2021-05-07;Johanna;Marissa;Taveriner
7-932-230-385;1988-12-09;Celestina;Alice;Reilinger
967-930-272-623;1940-03-10;Christine;Delmor;Ambrogio
86-818-964-7748;2007-08-26;Corny;Mabel;Cradoc
55-300-216-7207;1994-02-14;Rustin;Fae;Pawfoot
54-925-123-898;2027-04-12;Xever;Carena;Handford
998-500-950-3095;1983-11-27;Yoshiko;Nessy;Freda
55-388-339-2224;2005-11-09;Millisent;Alford;Durden
33-351-184-1892;1999-01-09;Stacy;Cleve;Stronghill
48-149-484-2225;2016-06-13;Raddy;Jon;Moreno
51-401-508-610;1964-04-04;Kip;Ardella;Hasel
66-424-907-8520;2019-03-16;Starla;Reece;Daybell
52-387-449-1993;1971-12-18;Westbrooke;Evania;Murfett
33-501-754-774;1990-09-09;Orton;Jorrie;Bertouloume
48-262-754-2017;2022-01-27;Taffy;Grannie;Boatwright
86-418-617-5382;1972-07-26;Michaela;Dalston;Petche
54-749-702-8914;2010-06-08;Isak;Clarabelle;Upchurch
30-695-215-1119;1980-07-19;Gwyneth;Romain;Oxton
81-425-311-4093;2021-08-12;Rogers;Stefanie;Solomon
380-328-679-2126;1930-08-24;Norine;Trevor;Shoesmith
375-681-910-8033;2013-04-04;Jeri;Susette;Habbin
62-593-713-7091;1977-04-06;Emilee;Connor;Follows
351-107-695-2735;2025-11-24;Dalston;Alane;Barth
57-447-741-8194;1994-03-30;Emelda;Pat;Beavors
7-968-775-4135;1962-03-23;Gard;Laraine;Barents
54-329-820-1134;1999-08-05;Rhody;Ximenes;Goad
63-678-333-4382;1937-02-03;Cindi;Charmaine;Vasyukhin
63-328-706-5824;1933-11-11;Aurie;Aland;Burchmore
47-666-973-5553;2021-11-26;Elene;Cathlene;Maffezzoli
509-957-833-9346;2011-08-06;Delphinia;Arlan;Jurkiewicz
502-862-105-3663;1977-10-21;Ivie;Carlota;Quirk
62-343-439-7962;1979-04-05;Hamnet;Mathew;Addison
55-983-569-4300;1936-08-21;Tresa;Tasha;Scade
33-898-367-4340;2000-10-30;Otis;Lilla;Abelson
55-274-150-1211;1973-08-12;Brittan;Delainey;Gladstone
86-118-465-7537;1980-07-09;Christiana;Zondra;Diggles
256-537-860-5623;1981-04-16;Armando;Ara;Rowett
963-778-341-848;1999-12-08;Erasmus;Codi;Oaten
86-797-109-3737;1964-03-30;Viola;Suzie;Glide
359-403-586-8110;1936-11-24;Jocelyn;Donovan;Giorgini
1-605-690-6444;1952-01-09;Sherwynd;Meara;Pitceathly
86-647-393-6090;1966-09-23;Ana;Cosme;Reeder
7-113-113-5926;1981-01-28;Sarine;Dacie;Benwell
221-293-177-6471;1999-07-29;Jaye;Ebony;Eyden
977-639-940-8787;1945-06-21;Nicol;Ulberto;McCrea
62-407-959-4195;2007-05-01;Ruthi;Astra;Simmers
48-383-867-28;1962-03-19;Woody;Lay;Clemendet
53-134-763-8325;2014-09-23;Alfons;Barbara-anne;Urry
351-406-956-5944;1969-03-22;Rikki;Eddi;Scobie
234-366-186-7138;2008-10-23;Geri;Demetri;Gori
55-921-254-985;1964-11-18;Vernon;Andonis;Campelli
62-344-817-5779;1982-09-26;Jaime;Orv;Colin
420-608-794-5603;1952-05-11;Claudetta;Jeannette;Padgham
86-350-448-2547;1972-05-07;Alissa;Pinchas;Bentham
351-662-850-4660;2012-05-21;Denver;Lars;Peppard
55-774-975-1231;1935-05-24;Catie;Gordan;Jeratt
86-786-563-5272;2019-05-31;Horten;Gallard;Anton
86-999-406-2499;1939-10-30;Pavia;Chrysler;Ashness
47-975-573-8457;2003-11-08;Yance;Emilia;Milborn
506-604-188-2839;2001-11-11;Elvin;Tabor;Hewes
86-831-750-9996;1985-05-07;Ingram;Paulette;Kydde
55-168-271-3125;1983-03-12;Rice;Neddy;Fogden
30-853-190-1174;1991-10-27;Eddie;Shena;Casserly
242-528-102-2833;1930-07-27;Sonnie;Burtie;Paolotto
92-821-100-235;1978-05-12;Domenico;Roosevelt;Rackam
81-311-916-1983;1944-02-14;Purcell;Patrica;Metcalf
234-635-620-2412;1936-06-01;Armstrong;Friederike;Comini
62-768-774-474;2007-03-09;Siffre;Rosita;Windows
380-517-236-9975;1945-05-13;Ernesta;Nettle;Folger
256-250-200-1636;1955-03-18;Pace;Inna;Dutnall
234-759-873-4031;1964-04-21;Cyndy;Philipa;Kimble
84-638-461-8644;2004-01-27;Gennifer;Oran;Wootton
48-938-429-8803;1953-10-28;Hester;Bendick;Fairey
92-443-515-4901;1944-06-03;De;Wilbert;MacAree
507-815-393-8040;2006-03-15;Hercule;Julita;Cossey
86-770-572-8799;1951-05-10;Jeanelle;Ermina;Buckner
57-145-153-5752;1997-01-19;Anabal;Roxy;Boynes
54-522-830-7568;2018-03-18;Doralin;Delia;Bernadzki
967-971-871-135;1996-02-18;Sammy;Tara;Blaxill
33-570-582-6747;1939-10-23;Ferd;Ainslie;Severns
81-466-175-5333;2029-06-15;Del;Elie;Parkins
7-409-396-2076;1968-04-26;Robinet;Gery;MacColm
86-334-939-2790;1937-01-27;Addy;Ebeneser;Mattsson
381-934-544-8774;1940-02-09;Brit;Stafford;Josefovic
81-257-191-5821;1982-10-22;Ealasaid;Hally;Mailey
1-918-723-7144;2021-06-06;Gilligan;Adoree;Snazel
1-672-393-491;2005-12-19;Ardeen;Maurits;Scourge
351-393-668-7624;1969-05-05;Konstanze;Sibylle;Putman
86-635-668-9141;1963-01-04;Benoite;Annemarie;Azemar
63-972-634-1096;2001-10-09;Fanechka;Yorgos;Rames
7-667-378-6881;2005-07-13;Legra;Greer;Gilhooly
48-501-953-8185;1961-11-07;Ashil;Osbert;Frowd
39-930-291-7959;1952-11-21;Josephina;Ginnie;Switland
46-341-901-1433;2014-08-21;Tatiana;Abie;Boutellier
86-641-390-3641;1963-02-26;Bo;See;Leftly
266-427-915-1341;1943-01-31;Nicolle;Charyl;Wethered
27-573-631-9769;2005-07-07;Melina;Carlene;Mapstone
62-959-769-8316;2014-12-28;Marielle;Marlo;Dudson
62-508-747-5545;1966-08-05;Anatola;Harriett;Dibden
82-894-538-5120;1939-09-01;Mandel;Marne;Laherty
33-250-875-3900;1957-07-04;Jarib;Myra;Braden
86-712-615-8049;1957-10-19;Rivalee;Jewel;Brunotti
998-200-782-2120;2012-05-24;Evangeline;Guilbert;Copins
55-962-550-1131;2021-12-15;Lissy;Gibb;Gatherell
86-287-577-6833;1955-12-15;Shelly;Windy;Crosbie
685-945-798-682;1952-11-20;Jonathan;Rosanne;Benwell
63-960-451-8335;1931-06-05;Hamid;Salaidh;Stansby
1-892-616-7914;1930-02-28;Briney;Page;Maxstead
353-831-572-6831;2007-07-31;Rori;Rafaellle;Myrkus
46-945-234-5017;1953-03-07;Kalvin;Marybelle;Huikerby
86-441-725-7693;1997-04-21;Bianka;Forster;Bonefant
62-413-675-9962;1934-07-08;Julio;Riva;McVicar
86-285-725-6608;1941-05-08;Elana;Isidor;Acory
46-186-514-2735;1942-04-30;Rosamond;Lonny;Seebert
48-200-726-3535;1973-06-04;Cecilio;Emelita;Mepham
33-723-559-68;1953-09-26;Oralia;Rosabelle;Stansall
54-206-852-4558;1966-06-11;Mortie;Tore;Oxe
381-892-157-5136;1976-08-03;Lelia;Hallie;Hollington
242-686-964-4707;1990-05-16;Harvey;Any;Pikett
55-407-651-6756;1995-07-11;Fionnula;Tobin;Boxell
62-201-985-8947;2002-08-19;Ibby;Kenton;Berk
86-680-476-2677;2003-01-03;Dinny;Obed;Newcom
62-640-630-8162;1966-02-13;Dorolice;Daloris;Wimp
86-834-947-3427;1983-11-08;Herb;Nickey;Basnett
48-673-676-4617;1984-04-21;Lita;Theodore;Lancastle
1-744-297-8117;1939-09-30;Matthiew;Veronike;Jaffrey
62-472-417-9998;1930-06-20;Rance;Arlina;Roff
351-594-757-5604;1965-04-04;Nelie;Sena;Mintram
86-166-383-5746;2025-10-29;Brian;Deeann;Fenge
86-441-113-2594;1935-04-12;Kendricks;Raphaela;Bazek
63-837-805-9943;2018-08-29;Alvis;Isabella;Ruhben
86-326-581-9701;1979-04-28;Bearnard;Izaak;MacTeague
33-212-942-9135;1945-11-23;Ephraim;Veriee;Ferrai
48-828-842-8247;1974-08-26;Anabel;Christalle;Chatterton
86-275-685-2645;1970-07-15;Maurizia;Currey;McCrachen
60-312-482-2279;1941-09-01;Shanie;Colene;Edmundson
63-303-828-5186;2027-06-10;Pearla;Becca;Rounsefell
86-346-827-3068;1969-04-18;Clevey;Kym;Riepl
86-573-643-4186;1933-07-21;Rochelle;Fallon;Cescot
86-534-387-4474;2007-04-13;Caty;Bianca;Leverington
502-101-101-7938;1989-04-01;Farley;Che;Rosekilly
47-876-415-5270;1980-06-23;Simeon;Yetty;Elster
1-616-968-5979;1993-04-30;Hilton;Herbie;Casaro
30-444-790-6437;1995-07-30;Imojean;Jeddy;Searchfield
86-653-781-2131;1933-08-13;Gretchen;Allie;Ruggieri
86-384-655-650;1974-05-18;Teodor;Rey;Haquard
62-431-508-126;1983-01-15;Spenser;Etienne;Mugg
7-555-985-2816;1940-06-19;Quincy;Karlene;Ridsdole
86-611-342-4639;1961-12-16;Worth;Clemmie;Abramovic
66-268-375-9943;1943-02-28;Kris;Stanton;Grece
63-343-110-2665;1942-09-22;Arlene;Dehlia;Howship
86-521-942-5454;1961-04-13;Jannel;Banky;Pinkett
352-222-372-3260;1973-10-06;Dill;Sukey;Blumire
30-774-713-6667;2008-02-19;Lela;Celka;Kuzemka
81-342-100-6218;1963-01-24;Trenna;Wandis;Delea
86-963-549-6673;2010-03-06;Curry;Sonnie;Diben
62-902-196-1311;2008-07-31;Hattie;Andromache;Ainscough
46-154-541-989;1946-03-11;Melosa;Selle;Vyvyan
351-517-452-8333;1933-01-02;Liv;Kean;Whellans
86-305-638-9946;1944-09-06;Virgie;Kayne;Greenleaf
63-222-211-3298;1938-02-01;Ora;Maximilian;Pancost
64-240-893-8420;1955-12-07;Cindy;Maighdiln;Jzhakov
230-931-934-2340;1994-03-25;Herc;Kore;Isles
1-770-773-9117;1954-02-26;Dre;Gratiana;Kob
93-682-515-8888;1979-06-14;Guglielma;Maribeth;Lettley
41-487-612-7780;2010-08-28;Marilyn;Nicolina;Mortlock
86-695-491-5238;1967-02-10;Liz;Babs;Drinkel
86-877-520-2209;1974-01-22;Briana;Roldan;Copner
86-121-532-1156;1992-01-09;Mabelle;Jerry;Sumpton
7-842-815-8524;1933-06-13;Kelcie;Hammad;Brekonridge
381-285-403-6214;1958-05-15;La verne;Catie;Fibben
62-397-825-9476;1934-10-23;Torrance;Buiron;Duberry
62-403-397-5095;1938-12-04;Mia;Ash;Trewhella
86-648-641-8373;1954-09-12;Brent;Rosemonde;Lannin
86-177-230-752;2008-02-15;Melody;Mirella;Brecknock
86-293-328-5425;2013-03-05;Cal;Asher;Geistbeck
51-672-446-8411;1991-05-23;Saloma;Zacharias;Mangion
62-990-398-4558;1956-08-10;Tybalt;Durante;Izachik
7-970-310-6738;1964-01-13;Stan;Yorker;Filby
20-859-991-2538;2025-12-11;Darline;Dodie;Borless
86-581-201-1771;1995-06-27;Etan;Siusan;Samett
7-597-819-5448;2016-06-22;Dorene;Caressa;Errett
505-643-840-490;2028-07-07;Esteban;Tawsha;Broadey
86-633-405-9477;1944-08-09;Jaine;Heida;Imore
48-108-992-708;1983-11-05;Marcelle;Osgood;Soutter
55-994-325-3533;1952-12-31;Theobald;Grace;Thomkins
86-398-274-2065;1963-07-12;Gran;Gabbie;Shovell
86-760-310-3455;1973-10-27;Coreen;Jonell;Piburn
595-451-914-5902;1930-07-07;Jazmin;Vernice;Filipiak
254-854-909-6689;1965-01-30;Odelinda;Barbra;Merrin
86-575-688-6433;1951-02-22;Sigismond;Elaine;Oldmeadow
1-812-868-1305;1993-01-21;Araldo;Jacinthe;Coton
257-236-379-6789;1987-03-14;Lebbie;Cecil;Dolbey
33-258-953-9199;1955-06-06;Alon;Joanie;Corrison
352-142-164-5782;1983-07-31;Adiana;Helaina;Rraundl
33-467-193-2470;2021-02-09;Bibbye;Fabiano;Gethouse
962-665-902-3980;1961-04-29;Foster;Charlot;Arendt
33-795-872-1738;1982-07-24;Gracie;Gerek;Karpfen
7-500-959-391;1986-11-01;Eulalie;Jaye;Remer
234-897-124-2294;1979-06-03;Sondra;Georgia;Beurich
351-689-587-8641;1951-02-07;Raynell;Callean;Barneville
30-119-792-8741;2015-07-09;Donall;Bondy;Dowry
86-414-680-1693;1999-11-30;Ninon;Calida;Ilyukhov
62-777-861-9714;2014-06-21;Keir;Annelise;Stuchbury
55-158-427-9956;1975-08-16;Maury;Viviyan;Kolinsky
31-361-876-4088;2018-01-06;Evey;Lib;Wendover
62-942-181-5;1965-04-14;Louis;Allx;O'Lyhane
52-464-411-5284;2001-02-16;Florencia;Remus;Smitherham
7-652-951-6599;1991-10-05;Kathi;Delly;Desson
34-892-588-4365;1986-09-27;Hyacintha;Marlo;Stopforth
55-799-162-8720;1968-04-15;Zelma;Ashely;Minifie
967-175-393-1101;1996-10-04;Ines;Peyton;Lauritzen
86-563-719-9630;2006-09-11;Emmit;Kaleb;Gaylord
64-309-388-7599;1971-03-26;Fitzgerald;Chad;Stooders
86-359-806-3492;1965-07-07;Erminia;Sarge;Tivolier
7-792-958-4243;1938-02-14;Rand;Marchelle;Bonhomme
48-798-731-1113;1984-11-30;Brew;Gram;Kalb
977-980-336-5249;1955-06-22;Beatrix;Derrik;Britt
57-138-443-8194;1984-01-21;Freida;Thekla;Benzie
55-295-203-1555;1931-05-08;Killy;Mathias;Archard
33-270-214-3140;2021-01-03;Mile;Arielle;Le Barr
86-930-158-4570;1974-06-03;Hewie;Guillemette;Clausson
993-992-680-7624;1997-05-04;Roselle;Porty;Swyer
52-795-383-608;2003-03-09;Giuseppe;Ailee;MacCallister
33-910-813-4882;1996-05-11;Zak;Andra;Coye
7-940-110-2946;1935-09-22;Bradly;Celine;Tumpane
234-282-790-814;2017-01-31;Virginie;Susann;Yanyshev
66-672-964-7094;1938-08-10;Paula;Deane;Favey
63-286-893-6606;2018-10-10;Allyn;Odele;Dorning
55-634-197-1666;1956-08-03;Hector;Katuscha;Fryer
86-153-153-944;1951-04-28;Dulcia;Bobbie;Norman
351-413-203-7818;1999-01-13;Jaclyn;Ethe;Hilliam
63-327-799-1234;1993-06-09;Alvera;Chlo;Craise
55-569-800-5338;2004-04-22;Nickie;Denis;Peaurt
46-154-578-3596;1933-11-03;Rhodie;Evangelina;Boldecke
1-318-598-1971;1971-10-21;Aristotle;Miltie;Elven
86-685-328-2795;1962-10-29;Cassandry;Urbain;Goody
86-575-741-3497;1971-10-08;Malinda;Dyanne;Tedahl
48-346-765-2541;1946-10-22;Celesta;Prince;Mokes
62-912-899-6287;2008-04-10;Sandy;Aldo;Punshon
351-496-450-7926;1960-08-30;Kendall;Polly;Florey
57-469-374-3614;1955-07-04;Willy;Maure;Ormerod
7-587-996-2029;2004-03-16;Marice;Bethina;Oxbury
44-471-358-37;1948-12-11;Flory;Forest;Cardero
358-661-593-4687;1931-01-07;Siward;Yolanthe;Lisett
62-912-215-7915;1998-10-22;Dur;Ade;Records
48-299-185-8690;2028-09-21;Bobby;Sallyann;Farnham
856-811-983-3480;1936-06-17;Adriena;Kasey;O'Lehane
353-950-986-9191;2005-10-10;Mora;Skipton;Betteriss
31-630-773-7399;2018-09-08;Nancee;Tommy;Beeson
57-727-929-4419;1946-04-25;Hestia;Eran;Mosen
380-903-969-7293;2005-08-14;Lila;Beatrix;Duchesne
27-286-658-3735;2007-12-25;Hughie;Arri;Fealty
98-566-338-3862;1976-07-06;Ivar;Novelia;Faulconbridge
46-119-522-638;2025-11-28;Marcelle;Lawry;Stockton
244-104-996-8331;2002-11-20;Tallia;Cary;Gherarducci
84-917-470-1955;2017-06-01;Augusta;Kass;Shuttell
62-848-722-2355;1958-01-16;Merrily;Nonna;Caveau
63-792-506-1953;1998-04-13;Brittani;Andie;Spiby
7-354-844-2131;2006-08-31;Elyssa;Amabelle;Dameisele
86-744-164-8105;2019-11-24;Joycelin;Faina;Bernadon
62-632-932-1954;1939-11-25;Goran;Rina;Duiged
420-747-922-4479;1948-03-04;Myrtle;Boyd;Krollman
86-917-354-3589;1966-03-06;Avigdor;Richmound;Pears
387-993-209-1889;2021-07-29;Otis;Wini;Doulden
48-595-744-5326;2011-04-19;Layton;Anselm;Domel
86-977-496-8720;2017-07-07;Magnum;Kerianne;Hardwidge
964-272-690-3301;1985-02-16;Payton;Willyt;Poile
387-595-146-1300;1948-04-22;Tobye;Constantia;Blaasch
86-466-443-6068;1951-10-22;Haslett;Kerry;Bernardes
86-749-603-5720;2022-04-09;Rurik;Lyon;Goodsal
55-294-577-8089;1987-11-06;Zelma;Emlyn;Kacheller
7-457-412-9930;1979-07-25;Steve;Misti;Dimsdale
62-898-239-5519;1993-04-09;Berne;Rod;MacCostigan
223-789-204-5688;1986-04-19;Freeman;Goober;Dimitriev
86-180-946-111;1950-05-31;Ram;Flemming;Willicott
51-868-950-5224;1961-11-12;Ariel;Salem;Larkin
63-541-541-781;1943-07-21;Hamid;Eddie;Bowle
44-321-413-2984;2012-08-01;Yorgo;Sophia;Dacre
86-850-602-1935;1994-12-27;Nonah;Marius;Saban
66-393-787-7540;2014-09-21;Caren;Marney;Chitter
52-878-989-9234;1994-12-02;Nancee;Selle;Earwaker
374-768-871-2234;1978-01-21;Tome;Amye;Exley
81-656-959-9465;2000-05-25;Ad;Gregory;Camacke
86-156-188-8374;1968-12-25;Livvy;Sarah;Van Der Vlies
86-308-586-2494;1941-11-07;Gib;Jan;Hoston
86-605-852-918;1984-01-30;Rosie;Cody;Emer
7-193-737-7355;1973-10-12;Shepard;Vally;Chattoe
86-200-510-6813;1978-08-03;Daphene;Christy;Baruch
86-495-394-2843;1991-06-29;Margy;Jeniffer;Calbert
380-907-666-4397;1959-04-04;Titus;Jud;Attrey
385-167-832-1125;1941-08-19;Conrad;Aubree;Panketh
55-859-773-7082;1970-01-23;Debbie;Port;Berk
976-834-413-1914;2018-05-05;Georgeanna;Pippo;Chilcotte
34-280-231-3936;1938-11-06;Rikki;Kenneth;Leahair
36-465-693-3226;1938-10-10;Ella;Janina;Shillabear
55-422-855-5285;1979-06-06;Iggie;Conni;Loines
33-754-121-9198;1939-08-14;Norene;Wilt;Josefer
1-508-516-7096;1981-09-25;Darby;Aharon;Lofty
57-311-899-6949;2020-09-04;Marni;Hinze;McReynold
93-487-120-6047;1971-03-25;Curr;Neda;Devitt
63-156-890-7578;1992-09-17;Haroun;Flori;Dandy
385-814-648-9365;1964-12-14;Jemmy;Mair;Robeson
62-822-640-7849;1971-06-30;Julia;Veronika;Morville
385-833-314-1478;1959-09-20;Ric;Velvet;Sprake
62-240-892-9837;1975-03-24;Worthy;Manny;Sweetenham
7-484-424-4303;2000-09-15;Gertrude;Tamiko;Brixey
86-446-611-1847;1966-06-25;Arthur;Clotilda;Livard
591-358-736-4441;1989-08-31;Angelico;Korry;Newlyn
1-791-600-4427;1980-11-11;Abbye;Cherie;Hayen
46-342-997-3925;1930-11-22;Jayme;Annabell;Gowdie
86-676-909-1826;1981-10-03;Oswell;Elene;Fullard
86-366-573-6361;1990-04-30;Antons;Carmella;Marryatt
380-879-533-7854;1950-07-11;Isiahi;Nat;Leek
372-983-473-3390;1943-04-14;Suzanna;Timothea;Coughlin
53-614-650-6108;2029-09-02;Theodoric;Adrianne;Reeveley
265-732-677-1837;2013-05-11;Freda;Erminie;Cowdery
33-942-248-3707;1942-03-28;Stevy;Lion;Merrikin
7-619-509-5710;1996-01-26;Geoff;Erny;Stinson
55-202-932-4579;2011-07-01;Anallise;Dunn;Hellen
86-701-658-2862;1945-10-04;Bronnie;Fulton;Hudghton
33-784-223-2498;2021-03-22;Herold;Nevsa;Gulleford
86-317-255-6349;1951-04-06;Kameko;Randi;Bakes
86-495-824-8818;1971-10-07;Ralina;Juditha;Broome
48-912-200-1668;1954-07-20;Colet;Ermina;Ridder
92-850-895-618;2020-12-20;Yorker;Ajay;Lyons
7-463-555-4798;1936-03-19;Brodie;Christoforo;Yakovliv
48-843-334-1558;1982-03-05;Carita;Earl;McEntee
994-859-446-5423;1939-02-05;Daphene;Bartel;Arniz
86-927-275-5366;1948-10-24;Merry;Lana;Scougall
86-231-310-1919;2003-05-19;Rebeka;Arne;MacNockater
62-278-917-8598;2003-05-31;Shae;Andeee;Bamford
86-329-378-8921;1968-03-23;Worthy;Annetta;Guiet
86-180-133-3;1950-05-01;Alonso;Lowell;MacCleod
7-444-907-293;1960-07-24;Olva;Meredith;Shearwood
63-144-452-672;2007-06-25;Janos;Adelbert;Yannoni
351-443-308-7545;1983-08-30;Bronny;Garreth;Blas
1-216-319-8757;1975-04-06;Marquita;Alvy;Peter
52-876-344-9697;1991-09-21;Amelia;Merrick;Le Huquet
86-787-513-4220;1957-09-05;Otis;Alfonso;Rippen
55-343-364-6396;1930-01-17;Guillermo;Georgena;Menguy
685-636-875-1147;1953-10-09;Bernadene;Laverne;Greenin
48-983-299-8165;1963-10-28;Charissa;Emmaline;Martin
7-774-517-5149;2018-11-06;Vladamir;Afton;Farans
7-100-818-5594;1997-03-23;Lynett;Donal;Hannen
33-477-139-5815;1944-09-01;Ada;Rod;Crame
62-731-985-1380;2013-01-02;Abbe;Murdock;Harrow
232-889-153-3186;1942-08-15;Meggi;Ginevra;Wickardt
86-843-457-3074;1962-09-01;Mufi;Davita;Kenningham
380-330-527-1627;1980-08-10;Mitchell;Gilemette;MacCall
60-437-866-5726;1946-05-14;Zaria;Tori;Weaben
86-489-173-294;1996-02-25;Alexandr;Ailina;Starking
57-959-451-7800;1963-02-02;Roarke;Colan;Etchingham
63-266-680-7508;1941-09-26;Jilli;Reggi;Birchwood
62-764-220-9228;1951-02-21;Camile;Beverlee;Bleeze
63-299-743-4920;1997-02-13;Antonio;Birgit;Rarity
86-317-435-6844;1983-08-14;Corty;Cart;Aarons
1-808-754-165;1970-03-27;Arden;Tuck;Fulloway
62-178-968-8364;1961-06-16;Nye;Abie;Andersen
235-548-240-1481;1973-09-05;Shayne;Ynez;Brittoner
63-340-358-3259;1972-10-18;Pammie;Latisha;Matas
963-330-101-7168;1979-03-21;Carolynn;Mick;Ciementini
86-345-116-3314;1963-03-02;Stepha;Alie;Blaxlande
52-554-558-7603;1986-02-07;Gael;Flossi;Sterry
970-622-705-1998;2003-10-25;Caryl;Faydra;Veld
92-339-790-479;2001-06-06;Franny;Sebastien;FitzGibbon
995-512-971-202;1987-01-22;Kimberli;Dynah;Reboul
387-146-676-2882;1978-12-18;Freida;Caitrin;Bertome
92-831-442-2702;1932-02-14;Terrye;Parker;Prettyjohns
81-297-910-1772;1968-06-30;Mariejeanne;Marjie;Rowden
47-595-863-5524;1962-07-04;Therese;Arron;Blackborough
267-448-349-2364;1976-08-15;Gerek;Allina;Meneo
86-614-619-6467;1986-05-26;Ilka;Penn;Cantillon
51-180-125-2874;1948-05-28;Maura;Penny;Capron
81-870-232-3770;1998-11-02;Tobe;Kelli;Doyle
380-768-629-6336;1949-05-13;Jacquetta;Amanda;Amiss
55-422-591-1981;2012-09-30;Prudi;Reed;De Cleyne
62-734-404-3676;2019-11-17;Nadia;Cori;Schaumaker
86-384-765-7746;1998-10-28;Edik;Etta;Bruinemann
86-374-227-9266;2006-09-15;Kalvin;Mitzi;Carruthers
223-749-594-2230;1978-03-31;Randie;Clay;Withams
86-777-831-347;1943-09-10;Erena;Valeda;Talks
86-493-125-2083;1956-07-06;Gizela;Muriel;Charley
351-367-590-55;2014-12-28;Sheree;Mahalia;Neagle
998-712-230-3572;1985-08-26;Wain;Leanora;Storrie
63-107-509-5545;1978-11-07;Aristotle;Drucie;Droghan
62-436-561-7869;1934-09-26;Enrique;Noby;Malamore
7-745-859-1833;1984-02-01;Agnola;Malorie;Grigorey
31-228-757-5006;1976-03-16;Maribel;Dunstan;Oliva
81-567-144-1576;1955-06-15;Eden;Merlina;Benesevich
375-444-139-5552;2011-03-17;Novelia;Roxine;Surman-Wells
66-853-211-7776;1950-08-06;Timofei;Spencer;Guillon
62-275-133-6567;1979-08-12;Waldemar;Giselle;Nicklin
84-771-989-9154;2026-06-20;Udell;Gipsy;Dockerty
1-815-384-3871;2021-10-09;Gasparo;Townsend;Feirn
385-737-306-6879;1952-06-08;Natalya;Kylila;Boundey
84-403-517-9857;1966-10-18;Stavro;Gwyn;Bwy
880-786-643-9974;1956-02-24;Lynnell;Bunnie;Tinwell
55-658-335-2506;1951-12-24;Pincas;Toni;Cuttler
33-189-817-4432;1993-03-28;Jakie;Leonid;Felce
264-129-228-152;1981-03-04;Othello;Morie;Raitie
1-501-578-6355;2019-10-26;Jeramie;Elihu;Lothlorien
48-159-656-5803;1966-09-24;Tiertza;Grover;Dimblebee
